author,title,egw_book_id,egw_url,book_code,epub_available,pdf_available,mobi_available,direct_epub_url,notes
"Andrews, John Nevins",A Refutation of the Claims of Sunday-keeping to Divine Authority,963,https://egwwritings.org/book/b963,RCSK,no,no,no,,pub-year 1853
"Andrews, John Nevins","A Review of the Remarks of O.R.L. Crozier on the Institution, Design and Abolition of the Sabbath",967,https://egwwritings.org/book/b967,RRCS,no,no,no,,pub-year 1853
"Andrews, John Nevins",An Examination of Seven Reasons for Sunday-Keeping,960,https://egwwritings.org/book/b960,ESRS,no,no,no,,pub-year 1889
"Andrews, John Nevins",Consistency,990,https://egwwritings.org/book/b990,Consist,no,no,no,,
"Andrews, John Nevins",Departing and Being with Christ,991,https://egwwritings.org/book/b991,DBC,no,no,no,,
"Andrews, John Nevins",History of the Sabbath and First Day of the Week,1008,https://egwwritings.org/book/b1008,HSFD,no,no,no,,pub-year 1873
"Andrews, John Nevins",Review of Objections to the Seventh-day Sabbath,1033,https://egwwritings.org/book/b1033,ROSS,no,no,no,,pub-year 1854
"Andrews, John Nevins",Samuel and the Witch of Endor,1039,https://egwwritings.org/book/b1039,SWE,no,no,no,,pub-year 1871
"Andrews, John Nevins",Sermon on the Two Covenants,1040,https://egwwritings.org/book/b1040,SOTC,no,no,no,,pub-year 1875
"Andrews, John Nevins",Sermons on the Sabbath and the Law,1045,https://egwwritings.org/book/b1045,SOSL,no,no,no,,pub-year 1870
"Andrews, John Nevins",The Commandment to Restore and to Build Jerusalem,1121,https://egwwritings.org/book/b1121,CRBJ,no,no,no,,pub-year 1865
"Andrews, John Nevins",The Complete Testimony of the Fathers of the First Three Centuries Concerning the Sabbath and First Day,1122,https://egwwritings.org/book/b1122,TFTC,no,no,no,,pub-year 1873
"Andrews, John Nevins",The Crime at Pocasset,1123,https://egwwritings.org/book/b1123,CRP,no,no,no,,pub-year 1879
"Andrews, John Nevins",The Definite Seventh Day,1126,https://egwwritings.org/book/b1126,DSD,no,no,no,,
"Andrews, John Nevins",The First Day of the Week Not the Sabbath of the Lord,1130,https://egwwritings.org/book/b1130,FDNS,no,no,no,,pub-year 1855
"Andrews, John Nevins",The Judgment. Its Events and Their Order,1149,https://egwwritings.org/book/b1149,JEO,no,no,no,,pub-year 1890
"Andrews, John Nevins",The Perpetuity of the Royal Law,1174,https://egwwritings.org/book/b1174,PRL,no,no,no,,pub-year 1854
"Andrews, John Nevins",The Rich Man and Lazarus,1196,https://egwwritings.org/book/b1196,RMLA,no,no,no,,
"Andrews, John Nevins","The Sabbatic Institution, and the Two Laws",1197,https://egwwritings.org/book/b1197,SITL,no,no,no,,pub-year 1860
"Andrews, John Nevins",The Sanctuary and Twenty-three Hundred Days,1200,https://egwwritings.org/book/b1200,S23D,no,no,no,,pub-year 1872
"Andrews, John Nevins",The Sanctuary of the Bible,1201,https://egwwritings.org/book/b1201,SOTB,no,no,no,,pub-year 1865
"Andrews, John Nevins",The Three Angels of Revelation 14:6-12,1615,https://egwwritings.org/book/b1615,TAR,no,no,no,,pub-year 1855
"Andrews, John Nevins",The Three Messages of Revelation 14:6-12,1240,https://egwwritings.org/book/b1240,TMR,no,no,no,,pub-year 1892
"Andrews, John Nevins",The Two Laws,1241,https://egwwritings.org/book/b1241,TWL,no,no,no,,
"Andrews, John Nevins",The Wicked Dead: Are They Now Being Punished?,1244,https://egwwritings.org/book/b1244,WDNP,no,no,no,,pub-year 1854
"Andrews, John Nevins",Thoughts for the Candid,1246,https://egwwritings.org/book/b1246,TFC,no,no,no,,pub-year 1889
"Andrews, John Nevins",Thoughts on the Sabbath,1247,https://egwwritings.org/book/b1247,TOS,no,no,no,,
"Andrews, John Nevins",Thoughts on the Sabbath & the Perpetuity of the Law of God,1248,https://egwwritings.org/book/b1248,TSPL,no,no,no,,pub-year 1851
"Bates, Joseph",A Seal of the Living God,957,https://egwwritings.org/book/b957,SLG,no,no,no,,pub-year 1849
"Bates, Joseph",The Autobiography of Elder Joseph Bates,1086,https://egwwritings.org/book/b1086,AJB,no,no,no,,pub-year 1868
"Bates, Joseph",[Bates’ Pamphlet #1] The Opening Heavens,972,https://egwwritings.org/book/b972,BP1,no,no,no,,pub-year 1846
"Bates, Joseph",[Bates’ Pamphlet #2] Second Advent Way Marks and High Heaps,973,https://egwwritings.org/book/b973,BP2,no,no,no,,pub-year 1847
"Bates, Joseph",[Bates’ Pamphlet #3] An Explanation of the Typical and Anti-typical Sanctuary by the Scriptures,974,https://egwwritings.org/book/b974,BP3,no,no,no,,pub-year 1850
"Bates, Joseph","[Sabbath Controversy #1] The Seventh Day Sabbath, A Perpetual Sign",1036,https://egwwritings.org/book/b1036,SC1,no,no,no,,pub-year 1846
"Bates, Joseph","[Sabbath Controversy #2] The Seventh Day Sabbath, A Perpetual Sign (2nd Ed.)",1037,https://egwwritings.org/book/b1037,SC2,no,no,no,,pub-year 1847
"Bates, Joseph","[Sabbath Controversy #3] A Vindication of the Seventh-day Sabbath, and the Commandments of God",1038,https://egwwritings.org/book/b1038,SC3,no,no,no,,pub-year 1848
"Bliss, Sylvester",Analysis of Sacred Chronology,959,https://egwwritings.org/book/b959,ASC,no,no,no,,pub-year 1850
"Bliss, Sylvester",Memoirs of William Miller,1009,https://egwwritings.org/book/b1009,MWM,no,no,no,,pub-year 1853
"Bourdeau, Daniel T.",Refutation of Forty-Four So-Called Objections Against the Ancient Sabbath,1031,https://egwwritings.org/book/b1031,RFOS,no,no,no,,pub-year 1887
"Bourdeau, Daniel T.",Sanctification,1024,https://egwwritings.org/book/b1024,SLH,no,no,no,,pub-year 1864
"Butler, George Ide",Leadership,14083,https://egwwritings.org/book/b14083,Ldrshp,no,no,no,,pub-year 1875
"Butler, George Ide",Replies to Elder Canright’s Attacks on Seventh-day Adventists,1034,https://egwwritings.org/book/b1034,RCASDA,no,no,no,,pub-year 1895
"Butler, George Ide",The Change of the Sabbath,1089,https://egwwritings.org/book/b1089,ChSa,no,no,no,,pub-year 1904
"Butler, George Ide",The Law in the Book of Galatians,1150,https://egwwritings.org/book/b1150,LBG,no,no,no,,pub-year 1886
"Cornell, Merritt E.",Facts for the Times,1632,https://egwwritings.org/book/b1632,FT,no,no,no,,pub-year 1858
"Cornell, Merritt E.",Miraculous Powers,1016,https://egwwritings.org/book/b1016,MIRP,no,no,no,,pub-year 1862
"Cornell, Merritt E.",The State of the Churches,1235,https://egwwritings.org/book/b1235,SOC,no,no,no,,
"Cottrell, Roswell Fenner",Both Sides,969,https://egwwritings.org/book/b969,BOS,no,no,no,,pub-year 1853
"Cottrell, Roswell Fenner","Colossians II, 14-17",986,https://egwwritings.org/book/b986,COL2,no,no,no,,
"Cottrell, Roswell Fenner","Mark of the Beast, And Seal of The Living God",1015,https://egwwritings.org/book/b1015,MBSG,no,no,no,,
"Cottrell, Roswell Fenner",Spiritual Gifts,1046,https://egwwritings.org/book/b1046,SGC,no,no,no,,pub-year 1859
"Cottrell, Roswell Fenner",The Bible Class,1069,https://egwwritings.org/book/b1069,BIC,no,no,no,,pub-year 1855
"Cottrell, Roswell Fenner",Truth,1250,https://egwwritings.org/book/b1250,TRU,no,no,no,,
"Crosier, Owen Russell Loomis",The Law of Moses,1142,https://egwwritings.org/book/b1142,LOM,no,no,no,,pub-year 1846
"Crosier, Owen Russell Loomis",The Sanctuary,1198,https://egwwritings.org/book/b1198,SANC,no,no,no,,pub-year 1850
"Daniells, Arthur Grosvenor",Christ Our Righteousness,983,https://egwwritings.org/book/b983,COR,no,no,no,,pub-year 1941
"Fitch, Charles",A Wonderful and Horrible Thing,971,https://egwwritings.org/book/b971,WHT,no,no,no,,pub-year 1842
"Fitch, Charles",Letter to Brother Himes,1012,https://egwwritings.org/book/b1012,LBH,no,no,no,,pub-year 1843
"Fitch, Charles","Letter to Rev. J. Litch, on the Second Coming of Christ",1013,https://egwwritings.org/book/b1013,LJL,no,no,no,,pub-year 1841
"Fitch, Charles",Letter to the Presbytery of Newark,1014,https://egwwritings.org/book/b1014,LPN,no,no,no,,pub-year 1840
"Fitch, Charles","Letters by Charles Fitch From The Midnight Cry, March 14, 1844",1011,https://egwwritings.org/book/b1011,LCFMC,no,no,no,,pub-year 1844
"Fitch, Charles",The Glory of God in the Earth,1131,https://egwwritings.org/book/b1131,GGE,no,no,no,,pub-year 1842
"Fitch, Charles",The Power of the Gospel,1175,https://egwwritings.org/book/b1175,TPG,no,no,no,,pub-year 1841
"Fitch, Charles",Views of Sanctification,1259,https://egwwritings.org/book/b1259,VOS,no,no,no,,pub-year 1839
"Fitch, Charles","“Come Out of Her, My People”",2006,https://egwwritings.org/book/b2006,CHMP,no,no,no,,pub-year 1843
"Foy, William Ellis",The Christian Experience of William E. Foy,1116,https://egwwritings.org/book/b1116,CEWF,no,no,no,,pub-year 1845
"Hale, Apollos",Herald of the Bridegroom,1003,https://egwwritings.org/book/b1003,HOB,no,no,no,,pub-year 1843
"Hale, Apollos",The Second Advent Manual,1203,https://egwwritings.org/book/b1203,TSAM,no,no,no,,pub-year 1843
"Haskell, Stephen Nelson",Bible Handbook,978,https://egwwritings.org/book/b978,BHB,no,no,no,,pub-year 1919
"Haskell, Stephen Nelson",The Cross and its Shadow,1127,https://egwwritings.org/book/b1127,CIS,no,no,no,,pub-year 1914
"Haskell, Stephen Nelson",The Story of Daniel the Prophet,1236,https://egwwritings.org/book/b1236,SDP,no,no,no,,pub-year 1901
"Haskell, Stephen Nelson",The Story of the Seer of Patmos,1237,https://egwwritings.org/book/b1237,SSP,no,no,no,,pub-year 1905
"Jones, Alonzo Trevier",An Exposition of Matthew Twenty-Four on the Second Coming of Christ,962,https://egwwritings.org/book/b962,EMTF,no,no,no,,pub-year 1890
"Jones, Alonzo Trevier",Appeal from the U. S. Supreme Court Decision Making this “A Christian Nation”,964,https://egwwritings.org/book/b964,AUSSC,no,no,no,,pub-year 1893
"Jones, Alonzo Trevier",Are There Any Protestants?,965,https://egwwritings.org/book/b965,ATAP,no,no,no,,pub-year 1913
"Jones, Alonzo Trevier",Arguments on the Breckinridge Sunday Bill,966,https://egwwritings.org/book/b966,ABSB,no,no,no,,pub-year 1890
"Jones, Alonzo Trevier","Australasian Signs of the Times, vol. 18",1102,https://egwwritings.org/book/b1102,BEST,no,no,no,,pub-year 1903; code BEST shared by 36 volumes; file (if any) may bundle/differ from this volume
"Jones, Alonzo Trevier","Australasian Signs of the Times, vol. 19",1103,https://egwwritings.org/book/b1103,BEST,no,no,no,,pub-year 1904; code BEST shared by 36 volumes; file (if any) may bundle/differ from this volume
"Jones, Alonzo Trevier","Australasian Signs of the Times, vol. 20",1104,https://egwwritings.org/book/b1104,BEST,no,no,no,,pub-year 1905; code BEST shared by 36 volumes; file (if any) may bundle/differ from this volume
"Jones, Alonzo Trevier","Australasian Signs of the Times, vol. 21",1105,https://egwwritings.org/book/b1105,BEST,no,no,no,,pub-year 1906; code BEST shared by 36 volumes; file (if any) may bundle/differ from this volume
"Jones, Alonzo Trevier","Australian Sentinel & Herald of Liberty, vol. 1",970,https://egwwritings.org/book/b970,ASHL,no,no,no,,pub-year 1894
"Jones, Alonzo Trevier","Bible Echo and Signs of the Times, vol. 1",1101,https://egwwritings.org/book/b1101,BEST,no,no,no,,pub-year 1886; code BEST shared by 36 volumes; file (if any) may bundle/differ from this volume
"Jones, Alonzo Trevier","Bible Echo and Signs of the Times, vol. 2",1106,https://egwwritings.org/book/b1106,BEST,no,no,no,,pub-year 1887; code BEST shared by 36 volumes; file (if any) may bundle/differ from this volume
"Jones, Alonzo Trevier","Bible Echo and Signs of the Times, vol. 3",1107,https://egwwritings.org/book/b1107,BEST,no,no,no,,pub-year 1888; code BEST shared by 36 volumes; file (if any) may bundle/differ from this volume
"Jones, Alonzo Trevier","Bible Echo and Signs of the Times, vol. 4",1108,https://egwwritings.org/book/b1108,BEST,no,no,no,,pub-year 1889; code BEST shared by 36 volumes; file (if any) may bundle/differ from this volume
"Jones, Alonzo Trevier","Bible Echo and Signs of the Times, vol. 5",1109,https://egwwritings.org/book/b1109,BEST,no,no,no,,pub-year 1890; code BEST shared by 36 volumes; file (if any) may bundle/differ from this volume
"Jones, Alonzo Trevier","Bible Echo and Signs of the Times, vol. 6",1110,https://egwwritings.org/book/b1110,BEST,no,no,no,,pub-year 1891; code BEST shared by 36 volumes; file (if any) may bundle/differ from this volume
"Jones, Alonzo Trevier","Bible Echo and Signs of the Times, vol. 7",1111,https://egwwritings.org/book/b1111,BEST,no,no,no,,pub-year 1892; code BEST shared by 36 volumes; file (if any) may bundle/differ from this volume
"Jones, Alonzo Trevier",Bible Questions and Answers Concerning Man,975,https://egwwritings.org/book/b975,BQACM,no,no,no,,pub-year 1890
"Jones, Alonzo Trevier","Bible Training School, vol. 4",2780,https://egwwritings.org/book/b2780,BTS,yes,yes,yes,https://media2.egwwritings.org/epub/en_BTS.epub,pub-year 1905
"Jones, Alonzo Trevier",Christ and the Pharisees,981,https://egwwritings.org/book/b981,CAP,no,no,no,,pub-year 1894
"Jones, Alonzo Trevier",Christian Patriotism,982,https://egwwritings.org/book/b982,CHPA,no,no,no,,pub-year 1900
"Jones, Alonzo Trevier",Civil Government and Religion,984,https://egwwritings.org/book/b984,CGRAS,no,no,no,,pub-year 1889
"Jones, Alonzo Trevier",Civil Government and Religion,985,https://egwwritings.org/book/b985,CGRSL,no,no,no,,pub-year 1890
"Jones, Alonzo Trevier",Civil Government and Religion,987,https://egwwritings.org/book/b987,CGRRLL,no,no,no,,pub-year 1894
"Jones, Alonzo Trevier",Ecclesiastical Empire,988,https://egwwritings.org/book/b988,ECE,no,no,no,,pub-year 1901
"Jones, Alonzo Trevier",General Conference Bulletin Articles,996,https://egwwritings.org/book/b996,GCB/GCDB,no,no,no,,pub-year 1893; code GCB/GCDB shared by 8 volumes; file (if any) may bundle/differ from this volume
"Jones, Alonzo Trevier","General Conference Bulletin, vol. 1",998,https://egwwritings.org/book/b998,GCB/GCDB,no,no,no,,pub-year 1895; code GCB/GCDB shared by 8 volumes; file (if any) may bundle/differ from this volume
"Jones, Alonzo Trevier","General Conference Bulletin, vol. 4",999,https://egwwritings.org/book/b999,GCB/GCDB,no,no,no,,pub-year 1901; code GCB/GCDB shared by 8 volumes; file (if any) may bundle/differ from this volume
"Jones, Alonzo Trevier","General Conference Bulletin, vol. 5",1000,https://egwwritings.org/book/b1000,GCB/GCDB,no,no,no,,pub-year 1903; code GCB/GCDB shared by 8 volumes; file (if any) may bundle/differ from this volume
"Jones, Alonzo Trevier","General Conference Daily Bulletin, vol. 1",1665,https://egwwritings.org/book/b1665,GCDB,yes,yes,yes,https://media2.egwwritings.org/epub/en_GCDB.epub,pub-year 1897; code GCDB shared by 5 volumes; file (if any) may bundle/differ from this volume
"Jones, Alonzo Trevier","General Conference Daily Bulletin, vol. 5",1002,https://egwwritings.org/book/b1002,GCB/GCDB,no,no,no,,pub-year 1893; code GCB/GCDB shared by 8 volumes; file (if any) may bundle/differ from this volume
"Jones, Alonzo Trevier",Is Sunday the True Sabbath of God?,1005,https://egwwritings.org/book/b1005,STSG,no,no,no,,pub-year 1903
"Jones, Alonzo Trevier",Judicial Religious Legislation Exposed,1007,https://egwwritings.org/book/b1007,JRLE,no,no,no,,pub-year 1912
"Jones, Alonzo Trevier",Kansas Campmeeting Sermons,995,https://egwwritings.org/book/b995,KCMS,no,no,no,,pub-year 1889
"Jones, Alonzo Trevier",Lessons on Faith,11194,https://egwwritings.org/book/b11194,LOF_ATJ,no,no,no,,pub-year 1977
"Jones, Alonzo Trevier",National Reform an Absurdity,1017,https://egwwritings.org/book/b1017,NRA,no,no,no,,
"Jones, Alonzo Trevier",National Reform and the Rights of Conscience,1018,https://egwwritings.org/book/b1018,NRRC,no,no,no,,
"Jones, Alonzo Trevier",National Reform is Church and State [BSL],1021,https://egwwritings.org/book/b1021,NRCSB,no,no,no,,pub-year 1889
"Jones, Alonzo Trevier",National Reform is Church and State [SL],1022,https://egwwritings.org/book/b1022,NRCSS,no,no,no,,
"Jones, Alonzo Trevier",National Reformed Presbyterianism,1019,https://egwwritings.org/book/b1019,NRP,no,no,no,,
"Jones, Alonzo Trevier",One-Man Power,1020,https://egwwritings.org/book/b1020,OMP,no,no,no,,
"Jones, Alonzo Trevier","Pacific Union Recorder, vol. 1",1025,https://egwwritings.org/book/b1025,PUR,yes,yes,yes,https://media2.egwwritings.org/epub/en_PUR.epub,pub-year 1902; code PUR shared by 3 volumes; file (if any) may bundle/differ from this volume
"Jones, Alonzo Trevier","Pacific Union Recorder, vol. 2",1026,https://egwwritings.org/book/b1026,PUR,yes,yes,yes,https://media2.egwwritings.org/epub/en_PUR.epub,pub-year 1903; code PUR shared by 3 volumes; file (if any) may bundle/differ from this volume
"Jones, Alonzo Trevier","Pacific Union Recorder, vol. 3",1027,https://egwwritings.org/book/b1027,PUR,yes,yes,yes,https://media2.egwwritings.org/epub/en_PUR.epub,pub-year 1904; code PUR shared by 3 volumes; file (if any) may bundle/differ from this volume
"Jones, Alonzo Trevier","Partial Report of Hearing on Johnston Sunday Bill, S. 404",1028,https://egwwritings.org/book/b1028,RJSB,no,no,no,,pub-year 1910
"Jones, Alonzo Trevier",Religion and the Public Schools,1032,https://egwwritings.org/book/b1032,RPS,no,no,no,,pub-year 1889
"Jones, Alonzo Trevier",Rev. W. F. Crafts Against the Editors of the American Sentinel,1035,https://egwwritings.org/book/b1035,RCAAS,no,no,no,,pub-year 1889
"Jones, Alonzo Trevier",Shall Religion Be Taught in the Public Schools?,1042,https://egwwritings.org/book/b1042,RTPS,no,no,no,,pub-year 1893
"Jones, Alonzo Trevier",Sunday Legislation,1622,https://egwwritings.org/book/b1622,SLOC,no,no,no,,pub-year 1908
"Jones, Alonzo Trevier","The Advent Review and Sabbath Herald, vol. 54",1049,https://egwwritings.org/book/b1049,ARSH,no,no,no,,pub-year 1879; code ARSH shared by 34 volumes; file (if any) may bundle/differ from this volume
"Jones, Alonzo Trevier","The Advent Review and Sabbath Herald, vol. 55",1051,https://egwwritings.org/book/b1051,ARSH,no,no,no,,pub-year 1880; code ARSH shared by 34 volumes; file (if any) may bundle/differ from this volume
"Jones, Alonzo Trevier","The Advent Review and Sabbath Herald, vol. 56",1050,https://egwwritings.org/book/b1050,ARSH,no,no,no,,pub-year 1880; code ARSH shared by 34 volumes; file (if any) may bundle/differ from this volume
"Jones, Alonzo Trevier","The Advent Review and Sabbath Herald, vol. 58",1052,https://egwwritings.org/book/b1052,ARSH,no,no,no,,pub-year 1881; code ARSH shared by 34 volumes; file (if any) may bundle/differ from this volume
"Jones, Alonzo Trevier","The Advent Review and Sabbath Herald, vol. 59",1053,https://egwwritings.org/book/b1053,ARSH,no,no,no,,pub-year 1882; code ARSH shared by 34 volumes; file (if any) may bundle/differ from this volume
"Jones, Alonzo Trevier","The Advent Review and Sabbath Herald, vol. 60",1054,https://egwwritings.org/book/b1054,ARSH,no,no,no,,pub-year 1883; code ARSH shared by 34 volumes; file (if any) may bundle/differ from this volume
"Jones, Alonzo Trevier","The Advent Review and Sabbath Herald, vol. 61",1055,https://egwwritings.org/book/b1055,ARSH,no,no,no,,pub-year 1884; code ARSH shared by 34 volumes; file (if any) may bundle/differ from this volume
"Jones, Alonzo Trevier","The Advent Review and Sabbath Herald, vol. 66",1056,https://egwwritings.org/book/b1056,ARSH,no,no,no,,pub-year 1889; code ARSH shared by 34 volumes; file (if any) may bundle/differ from this volume
"Jones, Alonzo Trevier","The Advent Review and Sabbath Herald, vol. 69",1058,https://egwwritings.org/book/b1058,ARSH,no,no,no,,pub-year 1892; code ARSH shared by 34 volumes; file (if any) may bundle/differ from this volume
"Jones, Alonzo Trevier","The Advent Review and Sabbath Herald, vol. 71",1057,https://egwwritings.org/book/b1057,ARSH,no,no,no,,pub-year 1894; code ARSH shared by 34 volumes; file (if any) may bundle/differ from this volume
"Jones, Alonzo Trevier","The Advent Review and Sabbath Herald, vol. 72",1059,https://egwwritings.org/book/b1059,ARSH,no,no,no,,pub-year 1895; code ARSH shared by 34 volumes; file (if any) may bundle/differ from this volume
"Jones, Alonzo Trevier","The Advent Review and Sabbath Herald, vol. 73",1060,https://egwwritings.org/book/b1060,ARSH,no,no,no,,pub-year 1896; code ARSH shared by 34 volumes; file (if any) may bundle/differ from this volume
"Jones, Alonzo Trevier","The Advent Review and Sabbath Herald, vol. 74",1061,https://egwwritings.org/book/b1061,ARSH,no,no,no,,pub-year 1897; code ARSH shared by 34 volumes; file (if any) may bundle/differ from this volume
"Jones, Alonzo Trevier","The Advent Review and Sabbath Herald, vol. 75",1062,https://egwwritings.org/book/b1062,ARSH,no,no,no,,pub-year 1898; code ARSH shared by 34 volumes; file (if any) may bundle/differ from this volume
"Jones, Alonzo Trevier","The Advent Review and Sabbath Herald, vol. 76",1063,https://egwwritings.org/book/b1063,ARSH,no,no,no,,pub-year 1899; code ARSH shared by 34 volumes; file (if any) may bundle/differ from this volume
"Jones, Alonzo Trevier","The Advent Review and Sabbath Herald, vol. 77",1065,https://egwwritings.org/book/b1065,ARSH,no,no,no,,pub-year 1900; code ARSH shared by 34 volumes; file (if any) may bundle/differ from this volume
"Jones, Alonzo Trevier","The Advent Review and Sabbath Herald, vol. 78",1064,https://egwwritings.org/book/b1064,ARSH,no,no,no,,pub-year 1901; code ARSH shared by 34 volumes; file (if any) may bundle/differ from this volume
"Jones, Alonzo Trevier","The Advent Review and Sabbath Herald, vol. 79",1066,https://egwwritings.org/book/b1066,ARSH,no,no,no,,pub-year 1902; code ARSH shared by 34 volumes; file (if any) may bundle/differ from this volume
"Jones, Alonzo Trevier","The Advent Review and Sabbath Herald, vol. 80",1067,https://egwwritings.org/book/b1067,ARSH,no,no,no,,pub-year 1903; code ARSH shared by 34 volumes; file (if any) may bundle/differ from this volume
"Jones, Alonzo Trevier","The Advent Review and Sabbath Herald, vol. 81",1068,https://egwwritings.org/book/b1068,ARSH,no,no,no,,pub-year 1904; code ARSH shared by 34 volumes; file (if any) may bundle/differ from this volume
"Jones, Alonzo Trevier",The American Papacy,1070,https://egwwritings.org/book/b1070,TAMP,no,no,no,,pub-year 1889
"Jones, Alonzo Trevier",The American Sentinel 1,1072,https://egwwritings.org/book/b1072,AMS,no,no,no,,pub-year 1886; code AMS shared by 27 volumes; file (if any) may bundle/differ from this volume
"Jones, Alonzo Trevier",The American Sentinel 10,1073,https://egwwritings.org/book/b1073,AMS,no,no,no,,pub-year 1895; code AMS shared by 27 volumes; file (if any) may bundle/differ from this volume
"Jones, Alonzo Trevier",The American Sentinel 11,1071,https://egwwritings.org/book/b1071,AMS,no,no,no,,pub-year 1896; code AMS shared by 27 volumes; file (if any) may bundle/differ from this volume
"Jones, Alonzo Trevier",The American Sentinel 12,1075,https://egwwritings.org/book/b1075,AMS,no,no,no,,pub-year 1897; code AMS shared by 27 volumes; file (if any) may bundle/differ from this volume
"Jones, Alonzo Trevier",The American Sentinel 13,1074,https://egwwritings.org/book/b1074,AMS,no,no,no,,pub-year 1898; code AMS shared by 27 volumes; file (if any) may bundle/differ from this volume
"Jones, Alonzo Trevier",The American Sentinel 14,1078,https://egwwritings.org/book/b1078,AMS,no,no,no,,pub-year 1899; code AMS shared by 27 volumes; file (if any) may bundle/differ from this volume
"Jones, Alonzo Trevier",The American Sentinel 15,1076,https://egwwritings.org/book/b1076,AMS,no,no,no,,pub-year 1900; code AMS shared by 27 volumes; file (if any) may bundle/differ from this volume
"Jones, Alonzo Trevier",The American Sentinel 2,1079,https://egwwritings.org/book/b1079,AMS,no,no,no,,pub-year 1887; code AMS shared by 27 volumes; file (if any) may bundle/differ from this volume
"Jones, Alonzo Trevier",The American Sentinel 3,1080,https://egwwritings.org/book/b1080,AMS,no,no,no,,pub-year 1888; code AMS shared by 27 volumes; file (if any) may bundle/differ from this volume
"Jones, Alonzo Trevier",The American Sentinel 4,1081,https://egwwritings.org/book/b1081,AMS,no,no,no,,pub-year 1889; code AMS shared by 27 volumes; file (if any) may bundle/differ from this volume
"Jones, Alonzo Trevier",The American Sentinel 5,1082,https://egwwritings.org/book/b1082,AMS,no,no,no,,pub-year 1890; code AMS shared by 27 volumes; file (if any) may bundle/differ from this volume
"Jones, Alonzo Trevier",The American Sentinel 6,1083,https://egwwritings.org/book/b1083,AMS,no,no,no,,pub-year 1891; code AMS shared by 27 volumes; file (if any) may bundle/differ from this volume
"Jones, Alonzo Trevier",The American Sentinel 7,1084,https://egwwritings.org/book/b1084,AMS,no,no,no,,pub-year 1892; code AMS shared by 27 volumes; file (if any) may bundle/differ from this volume
"Jones, Alonzo Trevier",The American Sentinel 8,1085,https://egwwritings.org/book/b1085,AMS,no,no,no,,pub-year 1893; code AMS shared by 27 volumes; file (if any) may bundle/differ from this volume
"Jones, Alonzo Trevier",The American Sentinel 9,1087,https://egwwritings.org/book/b1087,AMS,no,no,no,,pub-year 1894; code AMS shared by 27 volumes; file (if any) may bundle/differ from this volume
"Jones, Alonzo Trevier","The Bible Echo, vol. 10",1090,https://egwwritings.org/book/b1090,BEST,no,no,no,,pub-year 1895; code BEST shared by 36 volumes; file (if any) may bundle/differ from this volume
"Jones, Alonzo Trevier","The Bible Echo, vol. 11",1091,https://egwwritings.org/book/b1091,BEST,no,no,no,,pub-year 1896; code BEST shared by 36 volumes; file (if any) may bundle/differ from this volume
"Jones, Alonzo Trevier","The Bible Echo, vol. 12",1093,https://egwwritings.org/book/b1093,BEST,no,no,no,,pub-year 1897; code BEST shared by 36 volumes; file (if any) may bundle/differ from this volume
"Jones, Alonzo Trevier","The Bible Echo, vol. 13",1092,https://egwwritings.org/book/b1092,BEST,no,no,no,,pub-year 1898; code BEST shared by 36 volumes; file (if any) may bundle/differ from this volume
"Jones, Alonzo Trevier","The Bible Echo, vol. 14",1095,https://egwwritings.org/book/b1095,BEST,no,no,no,,pub-year 1899; code BEST shared by 36 volumes; file (if any) may bundle/differ from this volume
"Jones, Alonzo Trevier","The Bible Echo, vol. 15",1094,https://egwwritings.org/book/b1094,BEST,no,no,no,,pub-year 1900; code BEST shared by 36 volumes; file (if any) may bundle/differ from this volume
"Jones, Alonzo Trevier","The Bible Echo, vol. 16",1096,https://egwwritings.org/book/b1096,BEST,no,no,no,,pub-year 1901; code BEST shared by 36 volumes; file (if any) may bundle/differ from this volume
"Jones, Alonzo Trevier","The Bible Echo, vol. 17",1097,https://egwwritings.org/book/b1097,BEST,no,no,no,,pub-year 1902; code BEST shared by 36 volumes; file (if any) may bundle/differ from this volume
"Jones, Alonzo Trevier","The Bible Echo, vol. 8",1099,https://egwwritings.org/book/b1099,BEST,no,no,no,,pub-year 1893; code BEST shared by 36 volumes; file (if any) may bundle/differ from this volume
"Jones, Alonzo Trevier","The Bible Echo, vol. 9",1100,https://egwwritings.org/book/b1100,BEST,no,no,no,,pub-year 1894; code BEST shared by 36 volumes; file (if any) may bundle/differ from this volume
"Jones, Alonzo Trevier",The Captivity of the Republic,1112,https://egwwritings.org/book/b1112,CAR,no,no,no,,pub-year 1893
"Jones, Alonzo Trevier","The Christian Educator, vol. 1",1114,https://egwwritings.org/book/b1114,CHE,no,no,no,,pub-year 1897
"Jones, Alonzo Trevier",The Churches and the Public Treasury,1117,https://egwwritings.org/book/b1117,TCPT,no,no,no,,pub-year 1890
"Jones, Alonzo Trevier",The Columbian Year and the Meaning of the Four Centuries,1118,https://egwwritings.org/book/b1118,CYMFC,no,no,no,,pub-year 1893
"Jones, Alonzo Trevier",The Coming of Our Lord,1120,https://egwwritings.org/book/b1120,COML,no,no,no,,pub-year 1897
"Jones, Alonzo Trevier",The Consecrated Way to Christian Perfection,1124,https://egwwritings.org/book/b1124,CWCP,no,no,no,,pub-year 1905
"Jones, Alonzo Trevier",The Daily Inter Ocean Articles,1125,https://egwwritings.org/book/b1125,DIO,no,no,no,,pub-year 1889
"Jones, Alonzo Trevier",The Eastern Question,1088,https://egwwritings.org/book/b1088,EQ,no,no,no,,pub-year 1896
"Jones, Alonzo Trevier",The Edmunds Resolution,1129,https://egwwritings.org/book/b1129,TER,no,no,no,,pub-year 1890
"Jones, Alonzo Trevier",The Empires of the Bible from the Confusion of Tongues to the Babylonian Captivity,1133,https://egwwritings.org/book/b1133,EB,no,no,no,,pub-year 1904
"Jones, Alonzo Trevier","The Gospel of Health, vol. 1",1128,https://egwwritings.org/book/b1128,GOH,no,no,no,,pub-year 1897; code GOH shared by 2 volumes; file (if any) may bundle/differ from this volume
"Jones, Alonzo Trevier","The Gospel of Health, vol. 2",1135,https://egwwritings.org/book/b1135,GOH,no,no,no,,pub-year 1898; code GOH shared by 2 volumes; file (if any) may bundle/differ from this volume
"Jones, Alonzo Trevier","The Great Empires of Prophecy, from Babylon to the Fall of Rome",1137,https://egwwritings.org/book/b1137,GEP,no,no,no,,
"Jones, Alonzo Trevier",The Great Nations of To-day,1136,https://egwwritings.org/book/b1136,GNT,no,no,no,,pub-year 1901
"Jones, Alonzo Trevier","The Home Missionary, vol. 1",1139,https://egwwritings.org/book/b1139,HOMI,no,no,no,,pub-year 1889; code HOMI shared by 11 volumes; file (if any) may bundle/differ from this volume
"Jones, Alonzo Trevier","The Home Missionary, vol. 2",1141,https://egwwritings.org/book/b1141,HOMI,no,no,no,,pub-year 1890; code HOMI shared by 11 volumes; file (if any) may bundle/differ from this volume
"Jones, Alonzo Trevier","The Home Missionary, vol. 3",1115,https://egwwritings.org/book/b1115,HOMI,no,no,no,,pub-year 1891; code HOMI shared by 11 volumes; file (if any) may bundle/differ from this volume
"Jones, Alonzo Trevier","The Home Missionary, vol. 4",1143,https://egwwritings.org/book/b1143,HOMI,no,no,no,,pub-year 1892; code HOMI shared by 11 volumes; file (if any) may bundle/differ from this volume
"Jones, Alonzo Trevier","The Home Missionary, vol. 5",1134,https://egwwritings.org/book/b1134,HOMI,no,no,no,,pub-year 1893; code HOMI shared by 11 volumes; file (if any) may bundle/differ from this volume
"Jones, Alonzo Trevier","The Home Missionary, vol. 6",1144,https://egwwritings.org/book/b1144,HOMI,no,no,no,,pub-year 1894; code HOMI shared by 11 volumes; file (if any) may bundle/differ from this volume
"Jones, Alonzo Trevier","The Home Missionary, vol. 9",1146,https://egwwritings.org/book/b1146,HOMI,no,no,no,,pub-year 1897; code HOMI shared by 11 volumes; file (if any) may bundle/differ from this volume
"Jones, Alonzo Trevier",The Immaculate Conception of the Blessed Virgin Mary,1147,https://egwwritings.org/book/b1147,ICM,no,no,no,,pub-year 1894
"Jones, Alonzo Trevier","The Immortality of the Soul, Is it a Scriptural Doctrine?",1148,https://egwwritings.org/book/b1148,IOS,no,no,no,,pub-year 1890
"Jones, Alonzo Trevier","The Life Boat, vol. 5",1153,https://egwwritings.org/book/b1153,LIBO,no,no,no,,pub-year 1902; code LIBO shared by 2 volumes; file (if any) may bundle/differ from this volume
"Jones, Alonzo Trevier","The Life Boat, vol. 6",1145,https://egwwritings.org/book/b1145,LIBO,no,no,no,,pub-year 1903; code LIBO shared by 2 volumes; file (if any) may bundle/differ from this volume
"Jones, Alonzo Trevier",The Limits of Civil Authority,1155,https://egwwritings.org/book/b1155,LCA,no,no,no,,pub-year 1892
"Jones, Alonzo Trevier",The Marshaling of the Nations,1156,https://egwwritings.org/book/b1156,MON,no,no,no,,pub-year 1900
"Jones, Alonzo Trevier","The Medical Missionary, vol. 12",1159,https://egwwritings.org/book/b1159,MEDM,no,no,no,,pub-year 1903; code MEDM shared by 15 volumes; file (if any) may bundle/differ from this volume
"Jones, Alonzo Trevier","The Medical Missionary, vol. 13",1158,https://egwwritings.org/book/b1158,MEDM,no,no,no,,pub-year 1904; code MEDM shared by 15 volumes; file (if any) may bundle/differ from this volume
"Jones, Alonzo Trevier","The Medical Missionary, vol. 14",1160,https://egwwritings.org/book/b1160,MEDM,no,no,no,,pub-year 1905; code MEDM shared by 15 volumes; file (if any) may bundle/differ from this volume
"Jones, Alonzo Trevier","The Medical Missionary, vol. 15",1161,https://egwwritings.org/book/b1161,MEDM,no,no,no,,pub-year 1906; code MEDM shared by 15 volumes; file (if any) may bundle/differ from this volume
"Jones, Alonzo Trevier","The Medical Missionary, vol. 16",1162,https://egwwritings.org/book/b1162,MEDM,no,no,no,,pub-year 1907; code MEDM shared by 15 volumes; file (if any) may bundle/differ from this volume
"Jones, Alonzo Trevier","The Medical Missionary, vol. 17",1164,https://egwwritings.org/book/b1164,MEDM,no,no,no,,pub-year 1908; code MEDM shared by 15 volumes; file (if any) may bundle/differ from this volume
"Jones, Alonzo Trevier","The Medical Missionary, vol. 18",1163,https://egwwritings.org/book/b1163,MEDM,no,no,no,,pub-year 1909; code MEDM shared by 15 volumes; file (if any) may bundle/differ from this volume
"Jones, Alonzo Trevier","The Missionary Magazine, vol. 11",1166,https://egwwritings.org/book/b1166,MISM,no,no,no,,pub-year 1899; code MISM shared by 5 volumes; file (if any) may bundle/differ from this volume
"Jones, Alonzo Trevier","The Missionary Worker, vol. 7",1168,https://egwwritings.org/book/b1168,TMW,no,no,no,,pub-year 1903
"Jones, Alonzo Trevier",The National Reformed Constitution and the American Hierarchy,1169,https://egwwritings.org/book/b1169,NRCAH,no,no,no,,pub-year 1900
"Jones, Alonzo Trevier",The National Sunday Law [RLL],1170,https://egwwritings.org/book/b1170,NSLRLL,no,no,no,,pub-year 1892
"Jones, Alonzo Trevier",The National Sunday Law [SL18],1171,https://egwwritings.org/book/b1171,NSLS18,no,no,no,,pub-year 1889
"Jones, Alonzo Trevier",The National Sunday Law [SL27],1167,https://egwwritings.org/book/b1167,NSLS27,no,no,no,,
"Jones, Alonzo Trevier",The Peopling of the Earth,1172,https://egwwritings.org/book/b1172,POTE,no,no,no,,pub-year 1887
"Jones, Alonzo Trevier",The Place of the Bible in Education,1152,https://egwwritings.org/book/b1152,PBE,no,no,no,,
"Jones, Alonzo Trevier","The Present Truth, vol. 10",1178,https://egwwritings.org/book/b1178,PTUK,no,no,no,,pub-year 1894; code PTUK shared by 29 volumes; file (if any) may bundle/differ from this volume
"Jones, Alonzo Trevier","The Present Truth, vol. 11",1179,https://egwwritings.org/book/b1179,PTUK,no,no,no,,pub-year 1895; code PTUK shared by 29 volumes; file (if any) may bundle/differ from this volume
"Jones, Alonzo Trevier","The Present Truth, vol. 12",1180,https://egwwritings.org/book/b1180,PTUK,no,no,no,,pub-year 1896; code PTUK shared by 29 volumes; file (if any) may bundle/differ from this volume
"Jones, Alonzo Trevier","The Present Truth, vol. 13",1173,https://egwwritings.org/book/b1173,PTUK,no,no,no,,pub-year 1897; code PTUK shared by 29 volumes; file (if any) may bundle/differ from this volume
"Jones, Alonzo Trevier","The Present Truth, vol. 14",1181,https://egwwritings.org/book/b1181,PTUK,no,no,no,,pub-year 1898; code PTUK shared by 29 volumes; file (if any) may bundle/differ from this volume
"Jones, Alonzo Trevier","The Present Truth, vol. 15",1183,https://egwwritings.org/book/b1183,PTUK,no,no,no,,pub-year 1899; code PTUK shared by 29 volumes; file (if any) may bundle/differ from this volume
"Jones, Alonzo Trevier","The Present Truth, vol. 16",1184,https://egwwritings.org/book/b1184,PTUK,no,no,no,,pub-year 1900; code PTUK shared by 29 volumes; file (if any) may bundle/differ from this volume
"Jones, Alonzo Trevier","The Present Truth, vol. 17",1182,https://egwwritings.org/book/b1182,PTUK,no,no,no,,pub-year 1901; code PTUK shared by 29 volumes; file (if any) may bundle/differ from this volume
"Jones, Alonzo Trevier","The Present Truth, vol. 18",1185,https://egwwritings.org/book/b1185,PTUK,no,no,no,,pub-year 1902; code PTUK shared by 29 volumes; file (if any) may bundle/differ from this volume
"Jones, Alonzo Trevier","The Present Truth, vol. 19",1186,https://egwwritings.org/book/b1186,PTUK,no,no,no,,pub-year 1903; code PTUK shared by 29 volumes; file (if any) may bundle/differ from this volume
"Jones, Alonzo Trevier","The Present Truth, vol. 3",1188,https://egwwritings.org/book/b1188,PTUK,no,no,no,,pub-year 1887; code PTUK shared by 29 volumes; file (if any) may bundle/differ from this volume
"Jones, Alonzo Trevier","The Present Truth, vol. 4",1177,https://egwwritings.org/book/b1177,PTUK,no,no,no,,pub-year 1888; code PTUK shared by 29 volumes; file (if any) may bundle/differ from this volume
"Jones, Alonzo Trevier","The Present Truth, vol. 7",1190,https://egwwritings.org/book/b1190,PTUK,no,no,no,,pub-year 1891; code PTUK shared by 29 volumes; file (if any) may bundle/differ from this volume
"Jones, Alonzo Trevier","The Present Truth, vol. 8",1187,https://egwwritings.org/book/b1187,PTUK,no,no,no,,pub-year 1892; code PTUK shared by 29 volumes; file (if any) may bundle/differ from this volume
"Jones, Alonzo Trevier","The Present Truth, vol. 9",1192,https://egwwritings.org/book/b1192,PTUK,no,no,no,,pub-year 1893; code PTUK shared by 29 volumes; file (if any) may bundle/differ from this volume
"Jones, Alonzo Trevier",The Puritan Sabbath for “Physical Rest”,1193,https://egwwritings.org/book/b1193,PSPRR,no,no,no,,pub-year 1894
"Jones, Alonzo Trevier",The Puritan Sabbath for “Physical Rest” [Australian],1195,https://egwwritings.org/book/b1195,PSPRA,no,no,no,,
"Jones, Alonzo Trevier",The Rights of the People,1199,https://egwwritings.org/book/b1199,ROP,no,no,no,,pub-year 1895
"Jones, Alonzo Trevier","The Signs of the Times, vol. 10",1204,https://egwwritings.org/book/b1204,SITI,no,no,no,,pub-year 1884; code SITI shared by 48 volumes; file (if any) may bundle/differ from this volume
"Jones, Alonzo Trevier","The Signs of the Times, vol. 11",1205,https://egwwritings.org/book/b1205,SITI,no,no,no,,pub-year 1885; code SITI shared by 48 volumes; file (if any) may bundle/differ from this volume
"Jones, Alonzo Trevier","The Signs of the Times, vol. 12",1206,https://egwwritings.org/book/b1206,SITI,no,no,no,,pub-year 1886; code SITI shared by 48 volumes; file (if any) may bundle/differ from this volume
"Jones, Alonzo Trevier","The Signs of the Times, vol. 13",1207,https://egwwritings.org/book/b1207,SITI,no,no,no,,pub-year 1887; code SITI shared by 48 volumes; file (if any) may bundle/differ from this volume
"Jones, Alonzo Trevier","The Signs of the Times, vol. 14",1209,https://egwwritings.org/book/b1209,SITI,no,no,no,,pub-year 1888; code SITI shared by 48 volumes; file (if any) may bundle/differ from this volume
"Jones, Alonzo Trevier","The Signs of the Times, vol. 15",1208,https://egwwritings.org/book/b1208,SITI,no,no,no,,pub-year 1889; code SITI shared by 48 volumes; file (if any) may bundle/differ from this volume
"Jones, Alonzo Trevier","The Signs of the Times, vol. 16",1210,https://egwwritings.org/book/b1210,SITI,no,no,no,,pub-year 1890; code SITI shared by 48 volumes; file (if any) may bundle/differ from this volume
"Jones, Alonzo Trevier","The Signs of the Times, vol. 17",1191,https://egwwritings.org/book/b1191,SITI,no,no,no,,pub-year 1891; code SITI shared by 48 volumes; file (if any) may bundle/differ from this volume
"Jones, Alonzo Trevier","The Signs of the Times, vol. 18",1212,https://egwwritings.org/book/b1212,SITI,no,no,no,,pub-year 1891; code SITI shared by 48 volumes; file (if any) may bundle/differ from this volume
"Jones, Alonzo Trevier","The Signs of the Times, vol. 20",1213,https://egwwritings.org/book/b1213,SITI,no,no,no,,pub-year 1893; code SITI shared by 48 volumes; file (if any) may bundle/differ from this volume
"Jones, Alonzo Trevier","The Signs of the Times, vol. 21",1214,https://egwwritings.org/book/b1214,SITI,no,no,no,,pub-year 1895; code SITI shared by 48 volumes; file (if any) may bundle/differ from this volume
"Jones, Alonzo Trevier","The Signs of the Times, vol. 22",1189,https://egwwritings.org/book/b1189,SITI,no,no,no,,pub-year 1896; code SITI shared by 48 volumes; file (if any) may bundle/differ from this volume
"Jones, Alonzo Trevier","The Signs of the Times, vol. 23",1216,https://egwwritings.org/book/b1216,SITI,no,no,no,,pub-year 1897; code SITI shared by 48 volumes; file (if any) may bundle/differ from this volume
"Jones, Alonzo Trevier","The Signs of the Times, vol. 24",1551,https://egwwritings.org/book/b1551,SITI,no,no,no,,pub-year 1898; code SITI shared by 48 volumes; file (if any) may bundle/differ from this volume
"Jones, Alonzo Trevier","The Signs of the Times, vol. 25",1217,https://egwwritings.org/book/b1217,SITI,no,no,no,,pub-year 1899; code SITI shared by 48 volumes; file (if any) may bundle/differ from this volume
"Jones, Alonzo Trevier","The Signs of the Times, vol. 26",1218,https://egwwritings.org/book/b1218,SITI,no,no,no,,pub-year 1900; code SITI shared by 48 volumes; file (if any) may bundle/differ from this volume
"Jones, Alonzo Trevier","The Signs of the Times, vol. 27",1219,https://egwwritings.org/book/b1219,SITI,no,no,no,,pub-year 1901; code SITI shared by 48 volumes; file (if any) may bundle/differ from this volume
"Jones, Alonzo Trevier","The Signs of the Times, vol. 28",1220,https://egwwritings.org/book/b1220,SITI,no,no,no,,pub-year 1902; code SITI shared by 48 volumes; file (if any) may bundle/differ from this volume
"Jones, Alonzo Trevier","The Signs of the Times, vol. 29",1221,https://egwwritings.org/book/b1221,SITI,no,no,no,,pub-year 1903; code SITI shared by 48 volumes; file (if any) may bundle/differ from this volume
"Jones, Alonzo Trevier","The Signs of the Times, vol. 3",1223,https://egwwritings.org/book/b1223,SITI,no,no,no,,pub-year 1877; code SITI shared by 48 volumes; file (if any) may bundle/differ from this volume
"Jones, Alonzo Trevier","The Signs of the Times, vol. 31",1215,https://egwwritings.org/book/b1215,SITI,no,no,no,,pub-year 1905; code SITI shared by 48 volumes; file (if any) may bundle/differ from this volume
"Jones, Alonzo Trevier","The Signs of the Times, vol. 4",1224,https://egwwritings.org/book/b1224,SITI,no,no,no,,pub-year 1878; code SITI shared by 48 volumes; file (if any) may bundle/differ from this volume
"Jones, Alonzo Trevier","The Signs of the Times, vol. 8",1222,https://egwwritings.org/book/b1222,SITI,no,no,no,,pub-year 1882; code SITI shared by 48 volumes; file (if any) may bundle/differ from this volume
"Jones, Alonzo Trevier","The Signs of the Times, vol. 9",1225,https://egwwritings.org/book/b1225,SITI,no,no,no,,pub-year 1883; code SITI shared by 48 volumes; file (if any) may bundle/differ from this volume
"Jones, Alonzo Trevier","The Southern Review, vol. 10",2779,https://egwwritings.org/book/b2779,SOR,no,no,no,,pub-year 1901
"Jones, Alonzo Trevier","The Southern Sentinel and Herald of Liberty, vol. 2",1230,https://egwwritings.org/book/b1230,SSHL,no,no,no,,pub-year 1895; code SSHL shared by 2 volumes; file (if any) may bundle/differ from this volume
"Jones, Alonzo Trevier","The Southern Sentinel and Herald of Liberty, vol. 3",1229,https://egwwritings.org/book/b1229,SSHL,no,no,no,,pub-year 1897; code SSHL shared by 2 volumes; file (if any) may bundle/differ from this volume
"Jones, Alonzo Trevier","The Southern Watchman, vol. 12",1211,https://egwwritings.org/book/b1211,SOWA,no,no,no,,pub-year 1903; code SOWA shared by 3 volumes; file (if any) may bundle/differ from this volume
"Jones, Alonzo Trevier","The Southern Watchmen, vol. 13",1233,https://egwwritings.org/book/b1233,SOWA,no,no,no,,pub-year 1904; code SOWA shared by 3 volumes; file (if any) may bundle/differ from this volume
"Jones, Alonzo Trevier","The Southern Watchmen, vol. 14",1234,https://egwwritings.org/book/b1234,SOWA,no,no,no,,pub-year 1905; code SOWA shared by 3 volumes; file (if any) may bundle/differ from this volume
"Jones, Alonzo Trevier","The Topeka Daily Capital, vol. 11",1242,https://egwwritings.org/book/b1242,TDC,no,no,no,,pub-year 1889
"Jones, Alonzo Trevier","The Two Republics, or Rome and the United States of America",1249,https://egwwritings.org/book/b1249,TTR,no,no,no,,pub-year 1891
"Jones, Alonzo Trevier",The Union of Church and State in the United States,2008,https://egwwritings.org/book/b2008,UCS,no,no,no,,pub-year 1892
"Jones, Alonzo Trevier","The World’s Greatest Issues: Military, Diplomatic, Religious",1245,https://egwwritings.org/book/b1245,WGI,no,no,no,,pub-year 1906
"Jones, Alonzo Trevier",The “Abiding Sabbath” and the “Lord’s Day”,1047,https://egwwritings.org/book/b1047,ASLD,no,no,no,,pub-year 1888
"Jones, Alonzo Trevier",Tremont Temple Lectures,1232,https://egwwritings.org/book/b1232,TTL,no,no,no,,pub-year 1889
"Jones, Alonzo Trevier","Union Conference Record, vol. 1",1252,https://egwwritings.org/book/b1252,UCR,no,no,no,,pub-year 1898; code UCR shared by 5 volumes; file (if any) may bundle/differ from this volume
"Jones, Alonzo Trevier","Union Conference Record, vol. 3",1253,https://egwwritings.org/book/b1253,UCR,no,no,no,,pub-year 1900; code UCR shared by 5 volumes; file (if any) may bundle/differ from this volume
"Jones, Alonzo Trevier","Union Conference Record, vol. 4",1254,https://egwwritings.org/book/b1254,UCR,no,no,no,,pub-year 1901; code UCR shared by 5 volumes; file (if any) may bundle/differ from this volume
"Jones, Alonzo Trevier","Union Conference Record, vol. 5",1255,https://egwwritings.org/book/b1255,UCR,no,no,no,,pub-year 1902; code UCR shared by 5 volumes; file (if any) may bundle/differ from this volume
"Jones, Alonzo Trevier","Union Conference Record, vol. 6",1256,https://egwwritings.org/book/b1256,UCR,no,no,no,,pub-year 1903; code UCR shared by 5 volumes; file (if any) may bundle/differ from this volume
"Jones, Alonzo Trevier",Urge Separation Church and State,1257,https://egwwritings.org/book/b1257,USCS,no,no,no,,pub-year 1912
"Jones, Alonzo Trevier","Views of National Reform, Series One",1258,https://egwwritings.org/book/b1258,VNR,no,no,no,,pub-year 1889
"Jones, Alonzo Trevier",What is Patriotism in the United States?,1261,https://egwwritings.org/book/b1261,WIP,no,no,no,,pub-year 1898
"Jones, Alonzo Trevier",“Due Process of Law” and The Divine Right of Dissent,1994,https://egwwritings.org/book/b1994,DPL,no,no,no,,pub-year 1892; mobi check returned HTTP 500
"Jones, Alonzo Trevier",“We Would See Jesus”,1260,https://egwwritings.org/book/b1260,WWSJ,no,no,no,,pub-year 1902
"Litch, Josiah","An Address to the Public, and Especially the Clergy",958,https://egwwritings.org/book/b958,APEC,no,no,no,,pub-year 1841
"Litch, Josiah",Judaism Overthrown,1006,https://egwwritings.org/book/b1006,JUO,no,no,no,,pub-year 1843
"Litch, Josiah","Prophetic Expositions, vol. 1",1029,https://egwwritings.org/book/b1029,PREX1,no,no,no,,pub-year 1842
"Litch, Josiah","Prophetic Expositions, vol. 2",1030,https://egwwritings.org/book/b1030,PREX2,no,no,no,,pub-year 1842
"Litch, Josiah",The Probability of the Second Coming of Christ About A.D. 1843,1194,https://egwwritings.org/book/b1194,PSC,no,no,no,,pub-year 1843
"Loughborough, John Norton",An Examination of the Scripture Testimony,961,https://egwwritings.org/book/b961,MPC,no,no,no,,pub-year 1855
"Loughborough, John Norton","Conference Address: Decatur, Illinois",989,https://egwwritings.org/book/b989,CADI,no,no,no,,pub-year 1891
"Loughborough, John Norton","Conference Address: Ottowa, Illinois",979,https://egwwritings.org/book/b979,CAOI,no,no,no,,pub-year 1892
"Loughborough, John Norton",Discussion on the Sabbath Question,992,https://egwwritings.org/book/b992,DSQ63,no,no,no,,pub-year 1863
"Loughborough, John Norton",Hand Book of Health,1631,https://egwwritings.org/book/b1631,HBH,no,no,no,,pub-year 1868
"Loughborough, John Norton",Heavenly Visions,1630,https://egwwritings.org/book/b1630,HEVI,no,no,no,,pub-year 1984
"Loughborough, John Norton",Last Day Tokens,1316,https://egwwritings.org/book/b1316,LDT,no,no,no,,pub-year 1904
"Loughborough, John Norton",Miracles in My Life,1323,https://egwwritings.org/book/b1323,MML,no,no,no,,pub-year 1987
"Loughborough, John Norton",Questions on the Sealing Message,1331,https://egwwritings.org/book/b1331,QSM,no,no,no,,pub-year 1916
"Loughborough, John Norton",Religious Societies,1329,https://egwwritings.org/book/b1329,RESO,no,no,no,,
"Loughborough, John Norton","Sabbath Controversy in Allegan, Mich.",1336,https://egwwritings.org/book/b1336,SCAM,no,no,no,,pub-year 1858
"Loughborough, John Norton",Spiritual Gifts,1340,https://egwwritings.org/book/b1340,SGL,no,no,no,,pub-year 1899
"Loughborough, John Norton","The Church: Its Organization, Order and Discipline",1119,https://egwwritings.org/book/b1119,COOD,no,no,no,,pub-year 1907
"Loughborough, John Norton",The Great Second Advent Movement: Its Rise and Progress,1140,https://egwwritings.org/book/b1140,GSAM,no,no,no,,pub-year 1905
"Loughborough, John Norton",The Hope of the Gospel,1399,https://egwwritings.org/book/b1399,HPGO,no,no,no,,pub-year 1873
"Loughborough, John Norton",The Prophetic Gift in the Gospel Church,1617,https://egwwritings.org/book/b1617,PGGC,no,no,no,,pub-year 1911
"Loughborough, John Norton",The Saints’ Inheritance,1407,https://egwwritings.org/book/b1407,SAIN,no,no,no,,pub-year 1893
"Loughborough, John Norton",The Two-Horned Beast,1410,https://egwwritings.org/book/b1410,THB,no,no,no,,pub-year 1854
"Loughborough, John Norton","The Two-Horned Beast of Rev. XIII, a Symbol of the United States",1418,https://egwwritings.org/book/b1418,TBUS,no,no,no,,pub-year 1857
"Magan, Percy Tilson",The Peril of the Republic of the United States of America,1619,https://egwwritings.org/book/b1619,PRUS,no,no,no,,pub-year 1899
"Miller, William",A Lecture on the Typical Sabbaths and Great Jubilee,1265,https://egwwritings.org/book/b1265,LTSGJ,no,no,no,,pub-year 1842
"Miller, William",Brother Miller’s Dream,1288,https://egwwritings.org/book/b1288,BMDN,no,no,no,,
"Miller, William",Dissertations on the True Inheritance of the Saints,1295,https://egwwritings.org/book/b1295,DTIS,no,no,no,,pub-year 1842
"Miller, William","Evidences from Scripture and History of the Second Coming of Christ About the Year A. D. 1843, and of His Personal Reign of 1000 Years",1296,https://egwwritings.org/book/b1296,ESH,no,no,no,,pub-year 1833
"Miller, William","Letter to Joshua V. Himes, on the Cleansing of the Sanctuary",1315,https://egwwritings.org/book/b1315,LJHCS,no,no,no,,pub-year 1842
"Miller, William",Miller’s Reply to Stuart’s “Hints on the Interpretation of Prophecy”,1319,https://egwwritings.org/book/b1319,MRSH,no,no,no,,pub-year 1842
"Miller, William","Miller’s Works, vol. 1. Views of the Prophecies and Prophetic Chronology",1320,https://egwwritings.org/book/b1320,MWV1,no,no,no,,pub-year 1842
"Miller, William","Miller’s Works, vol. 2. Evidence from Scripture and History of the Second Coming of Christ about the Year",1321,https://egwwritings.org/book/b1321,MWV2,no,no,no,,pub-year 1843
"Miller, William","Miller’s Works, vol. 2. Supplement",1322,https://egwwritings.org/book/b1322,MWSV2,no,no,no,,pub-year 1842
"Miller, William","Miller’s Works, vol. 3. Exposition of the Twenty-Fourth Of Matthew; The True Inheritance Of The Saints; The Cleansing of the Sanctuary; The Ty",2007,https://egwwritings.org/book/b2007,MWV3,no,no,no,,pub-year 1842
"Miller, William","Remarks on Revelations Thirteenth, Seventeenth and Eighteenth",1335,https://egwwritings.org/book/b1335,RRTSE,no,no,no,,pub-year 1844
"Miller, William","Review of a Discourse, Delivered in the North Church, Newburyport, on the Last Evening of the Year 1841, by L. F. Dimmick, Pastor of the Church",1334,https://egwwritings.org/book/b1334,RDDD,no,no,no,,pub-year 1842
"Miller, William",The Kingdom of God,1400,https://egwwritings.org/book/b1400,TKOG,no,no,no,,pub-year 1842
"Miller, William","William Miller’s Apology and Defence, August 1",1427,https://egwwritings.org/book/b1427,WMAD,no,no,no,,pub-year 1845
"Paulson, David",Footprints of Faith,11270,https://egwwritings.org/book/b11270,FF,no,no,no,,pub-year 1921
"Preble, Thomas Motherwell","A Tract, Showing that the Seventh Day Should be Observed as the Sabbath, Instead of the First Day",1283,https://egwwritings.org/book/b1283,TSSD,no,no,no,,pub-year 1845
"Preble, Thomas Motherwell",The Two Adams,1396,https://egwwritings.org/book/b1396,TTA,no,no,no,,pub-year 1845
"Prescott, William Warren",Christ and the Sabbath,1291,https://egwwritings.org/book/b1291,CAS,no,no,no,,pub-year 1893
"Prescott, William Warren",Sabbath School Lessons,1624,https://egwwritings.org/book/b1624,GBJ,no,no,no,,pub-year 1897
"Prescott, William Warren","The Advent Review and Sabbath Herald, vol. 73",1356,https://egwwritings.org/book/b1356,ARSH,no,no,no,,pub-year 1896; code ARSH shared by 34 volumes; file (if any) may bundle/differ from this volume
"Prescott, William Warren",The Bible Echo Articles,1623,https://egwwritings.org/book/b1623,BEST,no,no,no,,pub-year 1895; code BEST shared by 36 volumes; file (if any) may bundle/differ from this volume
"Prescott, William Warren",The Divine-Human Family,14651,https://egwwritings.org/book/b14651,,unknown,unknown,unknown,,no archived info page; code unknown; availability unverified
"Prescott, William Warren",The Doctrine of Christ,1387,https://egwwritings.org/book/b1387,TDOC,no,no,no,,pub-year 1920
"Prescott, William Warren",The Present Truth [UK] Articles,1618,https://egwwritings.org/book/b1618,PTUK,no,no,no,,pub-year 1900; code PTUK shared by 29 volumes; file (if any) may bundle/differ from this volume
"Prescott, William Warren","The Present Truth, vol. 16",1405,https://egwwritings.org/book/b1405,PTUK,no,no,no,,pub-year 1900; code PTUK shared by 29 volumes; file (if any) may bundle/differ from this volume
"Prescott, William Warren",The Saviour of the World,1409,https://egwwritings.org/book/b1409,SOTW,no,no,no,,pub-year 1929
"Prescott, William Warren","The Signs of the Times, vol. 56",1413,https://egwwritings.org/book/b1413,SITI,no,no,no,,pub-year 1929; code SITI shared by 48 volumes; file (if any) may bundle/differ from this volume
"Prescott, William Warren","The Signs of the Times, vol. 57",1414,https://egwwritings.org/book/b1414,SITI,no,no,no,,pub-year 1930; code SITI shared by 48 volumes; file (if any) may bundle/differ from this volume
"Prescott, William Warren",Victory in Christ,1416,https://egwwritings.org/book/b1416,VICH,no,no,no,,
"Prescott, William Warren",“The Daily”,1385,https://egwwritings.org/book/b1385,THD,no,no,no,,
"Smith, Annie Rebekah","Home Here, and Home in Heaven; With Other Poems",1309,https://egwwritings.org/book/b1309,HHHH,no,no,no,,pub-year 1855
"Smith, Rebekah",Poems: With a Sketch of the Life and Experience of Annie R. Smith,1328,https://egwwritings.org/book/b1328,PSAS,no,no,no,,pub-year 1871
"Smith, Uriah",A Greek Falsehood,1264,https://egwwritings.org/book/b1264,GRFA,no,no,no,,
"Smith, Uriah",A Question Answered,1278,https://egwwritings.org/book/b1278,QUAN,no,no,no,,
"Smith, Uriah","A Study of the 144,000",1282,https://egwwritings.org/book/b1282,S144,no,no,no,,
"Smith, Uriah",A Word for The Sabbath,1285,https://egwwritings.org/book/b1285,WFS,no,no,no,,pub-year 1875
"Smith, Uriah",America’s Crisis,1279,https://egwwritings.org/book/b1279,AMCR,no,no,no,,pub-year 1895
"Smith, Uriah",An Appeal to the Youth,1280,https://egwwritings.org/book/b1280,APYO,no,no,no,,pub-year 1864
"Smith, Uriah",Bible Student’s Assistant,1287,https://egwwritings.org/book/b1287,BSA,no,no,no,,pub-year 1858
"Smith, Uriah",Both Sides on the Sabbath and Law,1270,https://egwwritings.org/book/b1270,BSSL,no,no,no,,pub-year 1864
"Smith, Uriah",Daniel and The Revelation,1297,https://egwwritings.org/book/b1297,DAR1909,no,no,no,,pub-year 1909
"Smith, Uriah",Daniel and The Revelation,12861,https://egwwritings.org/book/b12861,DAR,no,no,no,,pub-year 1897
"Smith, Uriah",Day of the Crucifixion and Resurrection of Christ,1294,https://egwwritings.org/book/b1294,DCRC,no,no,no,,
"Smith, Uriah",Fundamental Principles of Seventh-day Adventists,1299,https://egwwritings.org/book/b1299,FPSDA,no,no,no,,
"Smith, Uriah",Here and Hereafter,1311,https://egwwritings.org/book/b1311,HHMLD,no,no,no,,pub-year 1897
"Smith, Uriah",In Memoriam [Bourdeau],1310,https://egwwritings.org/book/b1310,IMBG,no,no,no,,pub-year 1899
"Smith, Uriah",In Memoriam [White],1300,https://egwwritings.org/book/b1300,IMJW,no,no,no,,pub-year 1881
"Smith, Uriah",Is Sunday Called the Sabbath in the New Testament?,1312,https://egwwritings.org/book/b1312,SCSNT,no,no,no,,pub-year 1896
"Smith, Uriah",Key to Smith’s Diagram and Parliamentary Rules,1313,https://egwwritings.org/book/b1313,KSDPR,no,no,no,,pub-year 1900
"Smith, Uriah",Key to the Prophetic Chart,1314,https://egwwritings.org/book/b1314,KPC,no,no,no,,pub-year 1864
"Smith, Uriah",Looking Unto Jesus,1317,https://egwwritings.org/book/b1317,LUJ,no,no,no,,pub-year 1898
"Smith, Uriah",Man’s Nature and Destiny,1318,https://egwwritings.org/book/b1318,MND,no,no,no,,pub-year 1884
"Smith, Uriah",Modern Spiritualism,1324,https://egwwritings.org/book/b1324,MOSP,no,no,no,,pub-year 1896
"Smith, Uriah",Mortal or Immortal? Which?,1301,https://egwwritings.org/book/b1301,MOI,no,no,no,,pub-year 1860
"Smith, Uriah",Parable of the Ten Virgins,1325,https://egwwritings.org/book/b1325,PTV,no,no,no,,
"Smith, Uriah","Poems, by Uriah Smith",1327,https://egwwritings.org/book/b1327,POUS,no,no,no,,pub-year 1871
"Smith, Uriah",Replies to Elder Canright’s Attacks on Seventh-day Adventists,1333,https://egwwritings.org/book/b1333,RECA,no,no,no,,
"Smith, Uriah",Sabbaton,1337,https://egwwritings.org/book/b1337,SBTON,no,no,no,,
"Smith, Uriah",Seventh-day Adventists and Their Work,1330,https://egwwritings.org/book/b1330,SDAWK,no,no,no,,pub-year 1896
"Smith, Uriah",Sunday in the Greek,1342,https://egwwritings.org/book/b1342,SUGR,no,no,no,,pub-year 1898
"Smith, Uriah",Synopsis of the Present Truth,1345,https://egwwritings.org/book/b1345,SYNPT,no,no,no,,pub-year 1884
"Smith, Uriah",The 2300 Days and the Sanctuary,1343,https://egwwritings.org/book/b1343,TTHDS,no,no,no,,pub-year 1854
"Smith, Uriah",The Biblical Institute,1381,https://egwwritings.org/book/b1381,TBI,no,no,no,,pub-year 1878
"Smith, Uriah",The Defense of Elder James White and Wife,1386,https://egwwritings.org/book/b1386,DJWW,no,no,no,,pub-year 1870
"Smith, Uriah",The Great Commandment,1392,https://egwwritings.org/book/b1392,GRCO,no,no,no,,
"Smith, Uriah",The Marvel of Nations,1621,https://egwwritings.org/book/b1621,MANA,no,no,no,,pub-year 1887
"Smith, Uriah",The Sanctuary and the Twenty-three Hundred Days of Daniel 8:14,1408,https://egwwritings.org/book/b1408,STTHD,no,no,no,,pub-year 1877
"Smith, Uriah","The Seven Heads of Revelation 12, 13, and 17",1411,https://egwwritings.org/book/b1411,SHR,no,no,no,,
"Smith, Uriah",The Two Covenants,1417,https://egwwritings.org/book/b1417,TTC,no,no,no,,
"Smith, Uriah",The United States in the Light of Prophecy,1419,https://egwwritings.org/book/b1419,USLP,no,no,no,,pub-year 1874
"Smith, Uriah",The Visions of Mrs. E.G. White,1420,https://egwwritings.org/book/b1420,VEGW,no,no,no,,pub-year 1868
"Smith, Uriah",The Warning Voice of Time and Prophecy,1421,https://egwwritings.org/book/b1421,WVTP,no,no,no,,pub-year 1853
"Smith, Uriah",Trine Immersion,1422,https://egwwritings.org/book/b1422,TRIMM,no,no,no,,pub-year 1896
"Smith, Uriah",Vindication of the Business Career of Elder James White,1423,https://egwwritings.org/book/b1423,VBCJW,no,no,no,,pub-year 1863
"Smith, Uriah",What Was Nailed to the Cross?,1425,https://egwwritings.org/book/b1425,WWNC,no,no,no,,
"Smith, Uriah",Who Changed the Sabbath?,1424,https://egwwritings.org/book/b1424,WCS,no,no,no,,pub-year 1888
"Smith, Uriah",Without Excuse,1426,https://egwwritings.org/book/b1426,WIEX,no,no,no,,pub-year 1893
"Stephenson, James M.",The Atonement,1364,https://egwwritings.org/book/b1364,ATO,no,no,no,,pub-year 1854
"Storrs, George",Six Sermons on the Inquiry Is There Immortality in Sin and Suffering?,1341,https://egwwritings.org/book/b1341,SSII,no,no,no,,pub-year 1855
"Storrs, George",The Rich Man and Lazurus,1401,https://egwwritings.org/book/b1401,RMLS,no,no,no,,pub-year 1853
"Waggoner, Ellet Joseph","American Sentinel, vol. 1",1269,https://egwwritings.org/book/b1269,AMS,no,no,no,,pub-year 1886; code AMS shared by 27 volumes; file (if any) may bundle/differ from this volume
"Waggoner, Ellet Joseph","American Sentinel, vol. 10",1267,https://egwwritings.org/book/b1267,AMS,no,no,no,,pub-year 1895; code AMS shared by 27 volumes; file (if any) may bundle/differ from this volume
"Waggoner, Ellet Joseph","American Sentinel, vol. 11",1268,https://egwwritings.org/book/b1268,AMS,no,no,no,,pub-year 1896; code AMS shared by 27 volumes; file (if any) may bundle/differ from this volume
"Waggoner, Ellet Joseph","American Sentinel, vol. 12",1263,https://egwwritings.org/book/b1263,AMS,no,no,no,,pub-year 1897; code AMS shared by 27 volumes; file (if any) may bundle/differ from this volume
"Waggoner, Ellet Joseph","American Sentinel, vol. 13",1271,https://egwwritings.org/book/b1271,AMS,no,no,no,,pub-year 1898; code AMS shared by 27 volumes; file (if any) may bundle/differ from this volume
"Waggoner, Ellet Joseph","American Sentinel, vol. 14",1272,https://egwwritings.org/book/b1272,AMS,no,no,no,,pub-year 1899; code AMS shared by 27 volumes; file (if any) may bundle/differ from this volume
"Waggoner, Ellet Joseph","American Sentinel, vol. 2",1273,https://egwwritings.org/book/b1273,AMS,no,no,no,,pub-year 1887; code AMS shared by 27 volumes; file (if any) may bundle/differ from this volume
"Waggoner, Ellet Joseph","American Sentinel, vol. 3",1274,https://egwwritings.org/book/b1274,AMS,no,no,no,,pub-year 1888; code AMS shared by 27 volumes; file (if any) may bundle/differ from this volume
"Waggoner, Ellet Joseph","American Sentinel, vol. 4",1275,https://egwwritings.org/book/b1275,AMS,no,no,no,,pub-year 1889; code AMS shared by 27 volumes; file (if any) may bundle/differ from this volume
"Waggoner, Ellet Joseph","American Sentinel, vol. 5",1262,https://egwwritings.org/book/b1262,AMS,no,no,no,,pub-year 1890; code AMS shared by 27 volumes; file (if any) may bundle/differ from this volume
"Waggoner, Ellet Joseph","American Sentinel, vol. 8",1276,https://egwwritings.org/book/b1276,AMS,no,no,no,,pub-year 1893; code AMS shared by 27 volumes; file (if any) may bundle/differ from this volume
"Waggoner, Ellet Joseph","American Sentinel, vol. 9",1277,https://egwwritings.org/book/b1277,AMS,no,no,no,,pub-year 1894; code AMS shared by 27 volumes; file (if any) may bundle/differ from this volume
"Waggoner, Ellet Joseph","Australasian Signs of the Times, vol. 18",1369,https://egwwritings.org/book/b1369,BEST,no,no,no,,pub-year 1903; code BEST shared by 36 volumes; file (if any) may bundle/differ from this volume
"Waggoner, Ellet Joseph","Australasian Signs of the Times, vol. 19",1370,https://egwwritings.org/book/b1370,BEST,no,no,no,,pub-year 1904; code BEST shared by 36 volumes; file (if any) may bundle/differ from this volume
"Waggoner, Ellet Joseph",Baptism: Its Significance,1284,https://egwwritings.org/book/b1284,BASI,no,no,no,,pub-year 1891
"Waggoner, Ellet Joseph","Bible Echo and Signs of the Times, vol. 2",1371,https://egwwritings.org/book/b1371,BEST,no,no,no,,pub-year 1887; code BEST shared by 36 volumes; file (if any) may bundle/differ from this volume
"Waggoner, Ellet Joseph","Bible Echo and Signs of the Times, vol. 3",1373,https://egwwritings.org/book/b1373,BEST,no,no,no,,pub-year 1888; code BEST shared by 36 volumes; file (if any) may bundle/differ from this volume
"Waggoner, Ellet Joseph","Bible Echo and Signs of the Times, vol. 4",1374,https://egwwritings.org/book/b1374,BEST,no,no,no,,pub-year 1889; code BEST shared by 36 volumes; file (if any) may bundle/differ from this volume
"Waggoner, Ellet Joseph","Bible Echo and Signs of the Times, vol. 5",1375,https://egwwritings.org/book/b1375,BEST,no,no,no,,pub-year 1890; code BEST shared by 36 volumes; file (if any) may bundle/differ from this volume
"Waggoner, Ellet Joseph","Bible Echo and Signs of the Times, vol. 6",1376,https://egwwritings.org/book/b1376,BEST,no,no,no,,pub-year 1891; code BEST shared by 36 volumes; file (if any) may bundle/differ from this volume
"Waggoner, Ellet Joseph",Bible Readings for the Home Circle [Portion],1286,https://egwwritings.org/book/b1286,BRHC99,no,no,no,,pub-year 1899
"Waggoner, Ellet Joseph",Can We Keep the Sabbath?,1289,https://egwwritings.org/book/b1289,CWKS,no,no,no,,pub-year 1890
"Waggoner, Ellet Joseph",Christ and His Righteousness,1290,https://egwwritings.org/book/b1290,CHR,no,no,no,,pub-year 1890
"Waggoner, Ellet Joseph",Civil Government and the Decalogue,1293,https://egwwritings.org/book/b1293,CGD,no,no,no,,pub-year 1889
"Waggoner, Ellet Joseph",Civil Sunday Holiday,1281,https://egwwritings.org/book/b1281,CSH,no,no,no,,pub-year 1889
"Waggoner, Ellet Joseph",Fathers of the Catholic Church,1292,https://egwwritings.org/book/b1292,FACC,no,no,no,,pub-year 1888
"Waggoner, Ellet Joseph",Foreknowledge and Foreordination,1298,https://egwwritings.org/book/b1298,FOFO,no,no,no,,pub-year 1897
"Waggoner, Ellet Joseph",General Conference Bulletin Articles,1302,https://egwwritings.org/book/b1302,GCB/GCDB,no,no,no,,pub-year 1889; code GCB/GCDB shared by 8 volumes; file (if any) may bundle/differ from this volume
"Waggoner, Ellet Joseph","General Conference Bulletin, vol. 4",1306,https://egwwritings.org/book/b1306,GCDB,yes,yes,yes,https://media2.egwwritings.org/epub/en_GCDB.epub,pub-year 1901; code GCDB shared by 5 volumes; file (if any) may bundle/differ from this volume
"Waggoner, Ellet Joseph","General Conference Bulletin, vol. 5",1307,https://egwwritings.org/book/b1307,GCDB,yes,yes,yes,https://media2.egwwritings.org/epub/en_GCDB.epub,pub-year 1903; code GCDB shared by 5 volumes; file (if any) may bundle/differ from this volume
"Waggoner, Ellet Joseph","General Conference Daily Bulletin, vol. 1",1304,https://egwwritings.org/book/b1304,GCB/GCDB,no,no,no,,pub-year 1897; code GCB/GCDB shared by 8 volumes; file (if any) may bundle/differ from this volume
"Waggoner, Ellet Joseph","General Conference Daily Bulletin, vol. 3",1303,https://egwwritings.org/book/b1303,GCB/GCDB,no,no,no,,pub-year 1889; code GCB/GCDB shared by 8 volumes; file (if any) may bundle/differ from this volume
"Waggoner, Ellet Joseph","General Conference Daily Bulletin, vol. 4",1662,https://egwwritings.org/book/b1662,GCDB,yes,yes,yes,https://media2.egwwritings.org/epub/en_GCDB.epub,pub-year 1891; code GCDB shared by 5 volumes; file (if any) may bundle/differ from this volume
"Waggoner, Ellet Joseph","General Conference Daily Bulletin, vol. 8",1308,https://egwwritings.org/book/b1308,GCDB,yes,yes,yes,https://media2.egwwritings.org/epub/en_GCDB.epub,pub-year 1899; code GCDB shared by 5 volumes; file (if any) may bundle/differ from this volume
"Waggoner, Ellet Joseph",How to Get Knowledge,1457,https://egwwritings.org/book/b1457,HTGK,no,no,no,,pub-year 1893
"Waggoner, Ellet Joseph",Lessons on Faith,1628,https://egwwritings.org/book/b1628,LOF_EJW,no,no,no,,pub-year 1977
"Waggoner, Ellet Joseph",Letter and Spirit,1460,https://egwwritings.org/book/b1460,LESP,no,no,no,,pub-year 1897
"Waggoner, Ellet Joseph",Living by Faith,1464,https://egwwritings.org/book/b1464,LBFCG,no,no,no,,pub-year 1890
"Waggoner, Ellet Joseph",National Reform Success Means Religious Persecution,1466,https://egwwritings.org/book/b1466,NRSRP,no,no,no,,pub-year 1890
"Waggoner, Ellet Joseph",Prophetic Lights,1474,https://egwwritings.org/book/b1474,PROLI,no,no,no,,pub-year 1889
"Waggoner, Ellet Joseph",Rev. W. F. Crafts Against the Editors of the American Sentinel,1626,https://egwwritings.org/book/b1626,RCAEAS,no,no,no,,pub-year 1889
"Waggoner, Ellet Joseph",Salvation in Jesus Christ,1481,https://egwwritings.org/book/b1481,SAJC,no,no,no,,
"Waggoner, Ellet Joseph",Sunday: The Origin of its Observance in the Christian Church,1484,https://egwwritings.org/book/b1484,SOOCC,no,no,no,,pub-year 1891
"Waggoner, Ellet Joseph","The Advent Review and Sabbath Herald, vol. 61",1347,https://egwwritings.org/book/b1347,ARSH,no,no,no,,pub-year 1884; code ARSH shared by 34 volumes; file (if any) may bundle/differ from this volume
"Waggoner, Ellet Joseph","The Advent Review and Sabbath Herald, vol. 64",1348,https://egwwritings.org/book/b1348,ARSH,no,no,no,,pub-year 1887; code ARSH shared by 34 volumes; file (if any) may bundle/differ from this volume
"Waggoner, Ellet Joseph","The Advent Review and Sabbath Herald, vol. 67",1350,https://egwwritings.org/book/b1350,ARSH,no,no,no,,pub-year 1890; code ARSH shared by 34 volumes; file (if any) may bundle/differ from this volume
"Waggoner, Ellet Joseph","The Advent Review and Sabbath Herald, vol. 69",1349,https://egwwritings.org/book/b1349,ARSH,no,no,no,,pub-year 1892; code ARSH shared by 34 volumes; file (if any) may bundle/differ from this volume
"Waggoner, Ellet Joseph","The Advent Review and Sabbath Herald, vol. 71",1351,https://egwwritings.org/book/b1351,ARSH,no,no,no,,pub-year 1894; code ARSH shared by 34 volumes; file (if any) may bundle/differ from this volume
"Waggoner, Ellet Joseph","The Advent Review and Sabbath Herald, vol. 72",1352,https://egwwritings.org/book/b1352,ARSH,no,no,no,,pub-year 1895; code ARSH shared by 34 volumes; file (if any) may bundle/differ from this volume
"Waggoner, Ellet Joseph","The Advent Review and Sabbath Herald, vol. 73",1360,https://egwwritings.org/book/b1360,ARSH,no,no,no,,pub-year 1896; code ARSH shared by 34 volumes; file (if any) may bundle/differ from this volume
"Waggoner, Ellet Joseph","The Advent Review and Sabbath Herald, vol. 75",1353,https://egwwritings.org/book/b1353,ARSH,no,no,no,,pub-year 1898; code ARSH shared by 34 volumes; file (if any) may bundle/differ from this volume
"Waggoner, Ellet Joseph","The Advent Review and Sabbath Herald, vol. 76",1354,https://egwwritings.org/book/b1354,ARSH,no,no,no,,pub-year 1899; code ARSH shared by 34 volumes; file (if any) may bundle/differ from this volume
"Waggoner, Ellet Joseph","The Advent Review and Sabbath Herald, vol. 77",1355,https://egwwritings.org/book/b1355,ARSH,no,no,no,,pub-year 1900; code ARSH shared by 34 volumes; file (if any) may bundle/differ from this volume
"Waggoner, Ellet Joseph","The Advent Review and Sabbath Herald, vol. 78",1357,https://egwwritings.org/book/b1357,ARSH,no,no,no,,pub-year 1901; code ARSH shared by 34 volumes; file (if any) may bundle/differ from this volume
"Waggoner, Ellet Joseph","The Advent Review and Sabbath Herald, vol. 79",1358,https://egwwritings.org/book/b1358,ARSH,no,no,no,,pub-year 1902; code ARSH shared by 34 volumes; file (if any) may bundle/differ from this volume
"Waggoner, Ellet Joseph","The Advent Review and Sabbath Herald, vol. 80",1359,https://egwwritings.org/book/b1359,ARSH,no,no,no,,pub-year 1903; code ARSH shared by 34 volumes; file (if any) may bundle/differ from this volume
"Waggoner, Ellet Joseph",The American Sabbath Union and Human Rights,1361,https://egwwritings.org/book/b1361,ASUHR,no,no,no,,pub-year 1889
"Waggoner, Ellet Joseph","The Bible Echo, vol. 11",1363,https://egwwritings.org/book/b1363,BEST,no,no,no,,pub-year 1896; code BEST shared by 36 volumes; file (if any) may bundle/differ from this volume
"Waggoner, Ellet Joseph","The Bible Echo, vol. 12",1365,https://egwwritings.org/book/b1365,BEST,no,no,no,,pub-year 1897; code BEST shared by 36 volumes; file (if any) may bundle/differ from this volume
"Waggoner, Ellet Joseph","The Bible Echo, vol. 13",1366,https://egwwritings.org/book/b1366,BEST,no,no,no,,pub-year 1898; code BEST shared by 36 volumes; file (if any) may bundle/differ from this volume
"Waggoner, Ellet Joseph","The Bible Echo, vol. 14",1367,https://egwwritings.org/book/b1367,BEST,no,no,no,,pub-year 1899; code BEST shared by 36 volumes; file (if any) may bundle/differ from this volume
"Waggoner, Ellet Joseph","The Bible Echo, vol. 15",1368,https://egwwritings.org/book/b1368,BEST,no,no,no,,pub-year 1900; code BEST shared by 36 volumes; file (if any) may bundle/differ from this volume
"Waggoner, Ellet Joseph","The Bible Echo, vol. 7",1377,https://egwwritings.org/book/b1377,BEST,no,no,no,,pub-year 1892; code BEST shared by 36 volumes; file (if any) may bundle/differ from this volume
"Waggoner, Ellet Joseph","The Bible Echo, vol. 8",1378,https://egwwritings.org/book/b1378,BEST,no,no,no,,pub-year 1893; code BEST shared by 36 volumes; file (if any) may bundle/differ from this volume
"Waggoner, Ellet Joseph",The Blair Educational Amendment,1380,https://egwwritings.org/book/b1380,BEA,no,no,no,,pub-year 1889
"Waggoner, Ellet Joseph",The Blair Sunday-Rest Bill,1339,https://egwwritings.org/book/b1339,BSRB,no,no,no,,pub-year 1889
"Waggoner, Ellet Joseph",The Cross of Christ,1383,https://egwwritings.org/book/b1383,CRCH,no,no,no,,pub-year 1894
"Waggoner, Ellet Joseph",The Everlasting Covenant,1332,https://egwwritings.org/book/b1332,EVCO,no,no,no,,pub-year 1900
"Waggoner, Ellet Joseph",The Full Assurance of Faith,1388,https://egwwritings.org/book/b1388,FAF,no,no,no,,pub-year 1890
"Waggoner, Ellet Joseph",The Glad Tidings,1391,https://egwwritings.org/book/b1391,GTI,no,no,no,,pub-year 1900
"Waggoner, Ellet Joseph",The Gospel in Creation,1390,https://egwwritings.org/book/b1390,GOSC,no,no,no,,
"Waggoner, Ellet Joseph",The Gospel in the Book of Galatians: A Review,1393,https://egwwritings.org/book/b1393,GBG,no,no,no,,pub-year 1888
"Waggoner, Ellet Joseph","The Home Missionary, vol. 2",1395,https://egwwritings.org/book/b1395,HOMI,no,no,no,,pub-year 1890; code HOMI shared by 11 volumes; file (if any) may bundle/differ from this volume
"Waggoner, Ellet Joseph","The Home Missionary, vol. 3",1397,https://egwwritings.org/book/b1397,HOMI,no,no,no,,pub-year 1891; code HOMI shared by 11 volumes; file (if any) may bundle/differ from this volume
"Waggoner, Ellet Joseph","The Home Missionary, vol. 5",1398,https://egwwritings.org/book/b1398,HOMI,no,no,no,,pub-year 1893; code HOMI shared by 11 volumes; file (if any) may bundle/differ from this volume
"Waggoner, Ellet Joseph","The Home Missionary, vol. 6",1384,https://egwwritings.org/book/b1384,HOMI,no,no,no,,pub-year 1894; code HOMI shared by 11 volumes; file (if any) may bundle/differ from this volume
"Waggoner, Ellet Joseph",The Honor Due to God,1490,https://egwwritings.org/book/b1490,HDTG,no,no,no,,pub-year 1889
"Waggoner, Ellet Joseph",The Literal Week,1493,https://egwwritings.org/book/b1493,LIWE,no,no,no,,pub-year 1894
"Waggoner, Ellet Joseph",The Medical Missionary Conference Bulletin,1497,https://egwwritings.org/book/b1497,MMC,no,no,no,,pub-year 1899
"Waggoner, Ellet Joseph","The Medical Missionary, vol. 10",1498,https://egwwritings.org/book/b1498,MEDM,no,no,no,,pub-year 1900; code MEDM shared by 15 volumes; file (if any) may bundle/differ from this volume
"Waggoner, Ellet Joseph","The Medical Missionary, vol. 12",1499,https://egwwritings.org/book/b1499,MEDM,no,no,no,,pub-year 1903; code MEDM shared by 15 volumes; file (if any) may bundle/differ from this volume
"Waggoner, Ellet Joseph","The Medical Missionary, vol. 13",1500,https://egwwritings.org/book/b1500,MEDM,no,no,no,,pub-year 1904; code MEDM shared by 15 volumes; file (if any) may bundle/differ from this volume
"Waggoner, Ellet Joseph","The Medical Missionary, vol. 14",1501,https://egwwritings.org/book/b1501,MEDM,no,no,no,,pub-year 1905; code MEDM shared by 15 volumes; file (if any) may bundle/differ from this volume
"Waggoner, Ellet Joseph","The Medical Missionary, vol. 15",1502,https://egwwritings.org/book/b1502,MEDM,no,no,no,,pub-year 1906; code MEDM shared by 15 volumes; file (if any) may bundle/differ from this volume
"Waggoner, Ellet Joseph","The Medical Missionary, vol. 18",1503,https://egwwritings.org/book/b1503,MEDM,no,no,no,,pub-year 1909; code MEDM shared by 15 volumes; file (if any) may bundle/differ from this volume
"Waggoner, Ellet Joseph","The Medical Missionary, vol. 7",1504,https://egwwritings.org/book/b1504,MEDM,no,no,no,,pub-year 1897; code MEDM shared by 15 volumes; file (if any) may bundle/differ from this volume
"Waggoner, Ellet Joseph","The Medical Missionary, vol. 9",1505,https://egwwritings.org/book/b1505,MEDM,no,no,no,,pub-year 1899; code MEDM shared by 15 volumes; file (if any) may bundle/differ from this volume
"Waggoner, Ellet Joseph","The Missionary Magazine, vol. 10",1507,https://egwwritings.org/book/b1507,MISM,no,no,no,,pub-year 1898; code MISM shared by 5 volumes; file (if any) may bundle/differ from this volume
"Waggoner, Ellet Joseph","The Missionary Magazine, vol. 11",1508,https://egwwritings.org/book/b1508,MISM,no,no,no,,pub-year 1899; code MISM shared by 5 volumes; file (if any) may bundle/differ from this volume
"Waggoner, Ellet Joseph","The Missionary Magazine, vol. 13",1509,https://egwwritings.org/book/b1509,MISM,no,no,no,,pub-year 1901; code MISM shared by 5 volumes; file (if any) may bundle/differ from this volume
"Waggoner, Ellet Joseph","The Missionary Magazine, vol. 14",1510,https://egwwritings.org/book/b1510,MISM,no,no,no,,pub-year 1902; code MISM shared by 5 volumes; file (if any) may bundle/differ from this volume
"Waggoner, Ellet Joseph",The Power of Forgiveness,1516,https://egwwritings.org/book/b1516,POFO,no,no,no,,pub-year 1894
"Waggoner, Ellet Joseph","The Present Truth, vol. 10",1518,https://egwwritings.org/book/b1518,PTUK,no,no,no,,pub-year 1894; code PTUK shared by 29 volumes; file (if any) may bundle/differ from this volume
"Waggoner, Ellet Joseph","The Present Truth, vol. 11",1519,https://egwwritings.org/book/b1519,PTUK,no,no,no,,pub-year 1895; code PTUK shared by 29 volumes; file (if any) may bundle/differ from this volume
"Waggoner, Ellet Joseph","The Present Truth, vol. 12",12150,https://egwwritings.org/book/b12150,PTUK,no,no,no,,pub-year 1896; code PTUK shared by 29 volumes; file (if any) may bundle/differ from this volume
"Waggoner, Ellet Joseph","The Present Truth, vol. 13",12387,https://egwwritings.org/book/b12387,PTUK,no,no,no,,pub-year 1897; code PTUK shared by 29 volumes; file (if any) may bundle/differ from this volume
"Waggoner, Ellet Joseph","The Present Truth, vol. 14",12445,https://egwwritings.org/book/b12445,PTUK,no,no,no,,pub-year 1898; code PTUK shared by 29 volumes; file (if any) may bundle/differ from this volume
"Waggoner, Ellet Joseph","The Present Truth, vol. 15",12433,https://egwwritings.org/book/b12433,PTUK,no,no,no,,pub-year 1899; code PTUK shared by 29 volumes; file (if any) may bundle/differ from this volume
"Waggoner, Ellet Joseph","The Present Truth, vol. 3",1520,https://egwwritings.org/book/b1520,PTUK,no,no,no,,pub-year 1887; code PTUK shared by 29 volumes; file (if any) may bundle/differ from this volume
"Waggoner, Ellet Joseph","The Present Truth, vol. 4",1521,https://egwwritings.org/book/b1521,PTUK,no,no,no,,pub-year 1888; code PTUK shared by 29 volumes; file (if any) may bundle/differ from this volume
"Waggoner, Ellet Joseph","The Present Truth, vol. 6",1522,https://egwwritings.org/book/b1522,PTUK,no,no,no,,pub-year 1890; code PTUK shared by 29 volumes; file (if any) may bundle/differ from this volume
"Waggoner, Ellet Joseph","The Present Truth, vol. 7",1523,https://egwwritings.org/book/b1523,PTUK,no,no,no,,pub-year 1891; code PTUK shared by 29 volumes; file (if any) may bundle/differ from this volume
"Waggoner, Ellet Joseph","The Present Truth, vol. 8",1524,https://egwwritings.org/book/b1524,PTUK,no,no,no,,pub-year 1892; code PTUK shared by 29 volumes; file (if any) may bundle/differ from this volume
"Waggoner, Ellet Joseph","The Present Truth, vol. 9",1525,https://egwwritings.org/book/b1525,PTUK,no,no,no,,pub-year 1893; code PTUK shared by 29 volumes; file (if any) may bundle/differ from this volume
"Waggoner, Ellet Joseph",The Rest That Remains for the People of God,1527,https://egwwritings.org/book/b1527,RRPG,no,no,no,,
"Waggoner, Ellet Joseph",The Sabbath-School Worker,1528,https://egwwritings.org/book/b1528,SASW,no,no,no,,pub-year 1890
"Waggoner, Ellet Joseph","The Signs of the Times, vol. 10",1537,https://egwwritings.org/book/b1537,SITI,no,no,no,,pub-year 1884; code SITI shared by 48 volumes; file (if any) may bundle/differ from this volume
"Waggoner, Ellet Joseph","The Signs of the Times, vol. 11",1538,https://egwwritings.org/book/b1538,SITI,no,no,no,,pub-year 1885; code SITI shared by 48 volumes; file (if any) may bundle/differ from this volume
"Waggoner, Ellet Joseph","The Signs of the Times, vol. 12",1539,https://egwwritings.org/book/b1539,SITI,no,no,no,,pub-year 1886; code SITI shared by 48 volumes; file (if any) may bundle/differ from this volume
"Waggoner, Ellet Joseph","The Signs of the Times, vol. 13",1540,https://egwwritings.org/book/b1540,SITI,no,no,no,,pub-year 1887; code SITI shared by 48 volumes; file (if any) may bundle/differ from this volume
"Waggoner, Ellet Joseph","The Signs of the Times, vol. 14",1541,https://egwwritings.org/book/b1541,SITI,no,no,no,,pub-year 1888; code SITI shared by 48 volumes; file (if any) may bundle/differ from this volume
"Waggoner, Ellet Joseph","The Signs of the Times, vol. 15",1542,https://egwwritings.org/book/b1542,SITI,no,no,no,,pub-year 1889; code SITI shared by 48 volumes; file (if any) may bundle/differ from this volume
"Waggoner, Ellet Joseph","The Signs of the Times, vol. 16",1543,https://egwwritings.org/book/b1543,SITI,no,no,no,,pub-year 1890; code SITI shared by 48 volumes; file (if any) may bundle/differ from this volume
"Waggoner, Ellet Joseph","The Signs of the Times, vol. 17",1544,https://egwwritings.org/book/b1544,SITI,no,no,no,,pub-year 1891; code SITI shared by 48 volumes; file (if any) may bundle/differ from this volume
"Waggoner, Ellet Joseph","The Signs of the Times, vol. 18",1545,https://egwwritings.org/book/b1545,SITI,no,no,no,,pub-year 1891; code SITI shared by 48 volumes; file (if any) may bundle/differ from this volume
"Waggoner, Ellet Joseph","The Signs of the Times, vol. 19",1546,https://egwwritings.org/book/b1546,SITI,no,no,no,,pub-year 1892; code SITI shared by 48 volumes; file (if any) may bundle/differ from this volume
"Waggoner, Ellet Joseph","The Signs of the Times, vol. 20",1547,https://egwwritings.org/book/b1547,SITI,no,no,no,,pub-year 1893; code SITI shared by 48 volumes; file (if any) may bundle/differ from this volume
"Waggoner, Ellet Joseph","The Signs of the Times, vol. 21",1548,https://egwwritings.org/book/b1548,SITI,no,no,no,,pub-year 1895; code SITI shared by 48 volumes; file (if any) may bundle/differ from this volume
"Waggoner, Ellet Joseph","The Signs of the Times, vol. 22",1549,https://egwwritings.org/book/b1549,SITI,no,no,no,,pub-year 1896; code SITI shared by 48 volumes; file (if any) may bundle/differ from this volume
"Waggoner, Ellet Joseph","The Signs of the Times, vol. 23",1550,https://egwwritings.org/book/b1550,SITI,no,no,no,,pub-year 1897; code SITI shared by 48 volumes; file (if any) may bundle/differ from this volume
"Waggoner, Ellet Joseph","The Signs of the Times, vol. 25",1552,https://egwwritings.org/book/b1552,SITI,no,no,no,,pub-year 1899; code SITI shared by 48 volumes; file (if any) may bundle/differ from this volume
"Waggoner, Ellet Joseph","The Signs of the Times, vol. 26",1553,https://egwwritings.org/book/b1553,SITI,no,no,no,,pub-year 1900; code SITI shared by 48 volumes; file (if any) may bundle/differ from this volume
"Waggoner, Ellet Joseph","The Signs of the Times, vol. 27",1554,https://egwwritings.org/book/b1554,SITI,no,no,no,,pub-year 1901; code SITI shared by 48 volumes; file (if any) may bundle/differ from this volume
"Waggoner, Ellet Joseph","The Signs of the Times, vol. 28",1555,https://egwwritings.org/book/b1555,SITI,no,no,no,,pub-year 1902; code SITI shared by 48 volumes; file (if any) may bundle/differ from this volume
"Waggoner, Ellet Joseph","The Signs of the Times, vol. 5",1556,https://egwwritings.org/book/b1556,SITI,no,no,no,,pub-year 1879; code SITI shared by 48 volumes; file (if any) may bundle/differ from this volume
"Waggoner, Ellet Joseph","The Signs of the Times, vol. 7",1557,https://egwwritings.org/book/b1557,SITI,no,no,no,,pub-year 1881; code SITI shared by 48 volumes; file (if any) may bundle/differ from this volume
"Waggoner, Ellet Joseph","The Signs of the Times, vol. 8",1558,https://egwwritings.org/book/b1558,SITI,no,no,no,,pub-year 1882; code SITI shared by 48 volumes; file (if any) may bundle/differ from this volume
"Waggoner, Ellet Joseph","The Signs of the Times, vol. 9",1559,https://egwwritings.org/book/b1559,SITI,no,no,no,,pub-year 1883; code SITI shared by 48 volumes; file (if any) may bundle/differ from this volume
"Waggoner, Ellet Joseph",The Sure Foundation and the Keys of the Kingdom,1562,https://egwwritings.org/book/b1562,SFKK,no,no,no,,pub-year 1890
"Waggoner, Ellet Joseph",The “Christian” Demand for War,1382,https://egwwritings.org/book/b1382,CDFW,no,no,no,,pub-year 1897
"Waggoner, Ellet Joseph",Three Sabbaths,1568,https://egwwritings.org/book/b1568,THSA,no,no,no,,pub-year 1898
"Waggoner, Ellet Joseph",Waggoner on Romans,1613,https://egwwritings.org/book/b1613,WOR,yes,yes,yes,https://media2.egwwritings.org/epub/en_WOR.epub,pub-year 1896
"Waggoner, Ellet Joseph",Why We Oppose Religious Legislation,1571,https://egwwritings.org/book/b1571,WWORL,no,no,no,,pub-year 1889
"Waggoner, Ellet Joseph",“What Think Ye of Christ?”,1573,https://egwwritings.org/book/b1573,WTYC,no,no,no,,pub-year 1886
"Waggoner, Joseph Harvey",A Written Discussion ... Upon the Sabbath,1446,https://egwwritings.org/book/b1446,WDUS,no,no,no,,pub-year 1872
"Waggoner, Joseph Harvey",Angels: Their Nature and Ministry,1441,https://egwwritings.org/book/b1441,ATNM,no,no,no,,pub-year 1891
"Waggoner, Joseph Harvey",Discussion on the Sabbath Question,1452,https://egwwritings.org/book/b1452,DSQ69,no,no,no,,pub-year 1869
"Waggoner, Joseph Harvey",From Eden to Eden,1453,https://egwwritings.org/book/b1453,FEE,no,no,no,,pub-year 1890
"Waggoner, Joseph Harvey",Justification by Faith,1458,https://egwwritings.org/book/b1458,JBF,no,no,no,,pub-year 1882
"Waggoner, Joseph Harvey",Positive Institutions,1472,https://egwwritings.org/book/b1472,POI,no,no,no,,
"Waggoner, Joseph Harvey",Purity of National Religion,1475,https://egwwritings.org/book/b1475,PNR,no,no,no,,pub-year 1889
"Waggoner, Joseph Harvey",Refutation of the Doctrine Called The Age to Come,1476,https://egwwritings.org/book/b1476,RDAC,no,no,no,,pub-year 1872
"Waggoner, Joseph Harvey",Review of a Series of Discourses ... on the Sabbath Question,1478,https://egwwritings.org/book/b1478,SDSQ,no,no,no,,pub-year 1857
"Waggoner, Joseph Harvey",Review of the Two Sermons of Rev. R. G. Baird on the “Christian Sabbath”,1479,https://egwwritings.org/book/b1479,RTSB,no,no,no,,pub-year 1875
"Waggoner, Joseph Harvey",The Atonement,1485,https://egwwritings.org/book/b1485,AERS,no,no,no,,pub-year 1884
"Waggoner, Joseph Harvey",The Lost Time Question,1494,https://egwwritings.org/book/b1494,LTQ,no,no,no,,pub-year 1889
"Waggoner, Joseph Harvey",The Mark of the Beast,1495,https://egwwritings.org/book/b1495,MOB,no,no,no,,pub-year 1864
"Waggoner, Joseph Harvey",The Nature and Tendency of Modern Spiritualism,1511,https://egwwritings.org/book/b1511,NTMS,no,no,no,,pub-year 1884
"Waggoner, Joseph Harvey",The Origin and Growth of Sunday Observance in the Christian Church,1513,https://egwwritings.org/book/b1513,OGSO,no,no,no,,pub-year 1889
"Waggoner, Joseph Harvey",The Perpetuity of the Seventh-day Sabbath,1515,https://egwwritings.org/book/b1515,PSDS,no,no,no,,pub-year 1859
"Waggoner, Joseph Harvey",The Spirit of God,1561,https://egwwritings.org/book/b1561,SGOM,no,no,no,,pub-year 1877
"Waggoner, Joseph Harvey",The Ten Commandments,1563,https://egwwritings.org/book/b1563,TCNA,no,no,no,,
"Waggoner, Joseph Harvey",The Truth Found,1565,https://egwwritings.org/book/b1565,TFNOS,no,no,no,,pub-year 1883
"Waggoner, Joseph Harvey",Thoughts on Baptism,1567,https://egwwritings.org/book/b1567,TOB,no,no,no,,pub-year 1878
"Waggoner, Joseph Harvey",Vindication of the Doctrine of the Resurrection of the Unjust,1569,https://egwwritings.org/book/b1569,VDRU,no,no,no,,pub-year 1870
"Waggoner, Joseph Harvey",Which Day Do You Keep and Why?,1572,https://egwwritings.org/book/b1572,WDK,no,no,no,,
"Ward, Henry Dana",History and Doctrine of the Millennium,1456,https://egwwritings.org/book/b1456,HDM,no,no,no,,pub-year 1841
"White, James",A Brief Account of the Last Sickness and Death of Nathaniel White,1436,https://egwwritings.org/book/b1436,LSDNW,no,no,no,,pub-year 1853
"White, James",A Brief Exposition of the Angels of Revelation XIV,1437,https://egwwritings.org/book/b1437,BEARF,no,no,no,,
"White, James","A Circular to the Citizens of Battle Creek, Relative to The Dime Tabernacle",1438,https://egwwritings.org/book/b1438,CCBC,no,no,no,,
"White, James",A Solemn Appeal,1444,https://egwwritings.org/book/b1444,SoAp,no,no,no,,pub-year 1870
"White, James",A Word to the “Little Flock”,1998,https://egwwritings.org/book/b1998,AWLF,yes,yes,yes,https://media2.egwwritings.org/epub/en_AWLF.epub,pub-year 1847
"White, James",An Appeal to the Working Men and Women in the Ranks of Seventh-day Adventists,1439,https://egwwritings.org/book/b1439,AWMW,no,no,no,,pub-year 1872
"White, James",An Earnest Appeal,1440,https://egwwritings.org/book/b1440,EAAP,no,no,no,,
"White, James",Appeal on Immortality,1442,https://egwwritings.org/book/b1442,APIM,no,no,no,,
"White, James",Ascension Robes; Slander Refuted,1443,https://egwwritings.org/book/b1443,ARSR,no,no,no,,pub-year 1861
"White, James",Bible Adventism,1447,https://egwwritings.org/book/b1447,BIAD,no,no,no,,
"White, James",Bible Hygiene,1448,https://egwwritings.org/book/b1448,BHY,no,no,no,,pub-year 1890
"White, James",Brother Miller’s Dream,1449,https://egwwritings.org/book/b1449,BMD,no,no,no,,pub-year 1850
"White, James","Christ in the Old Testament, and the Sabbath in the New",1450,https://egwwritings.org/book/b1450,COTSN,no,no,no,,pub-year 1877
"White, James",Death and Burial,1451,https://egwwritings.org/book/b1451,DEBU,no,no,no,,pub-year 1864
"White, James",God’s Memorial,1454,https://egwwritings.org/book/b1454,GOME,no,no,no,,pub-year 1875
"White, James","Health, or, How to Live",1455,https://egwwritings.org/book/b1455,HHTL,no,no,no,,pub-year 1865
"White, James",Life Incidents,1462,https://egwwritings.org/book/b1462,LIFIN,no,no,no,,pub-year 1868
"White, James",Life Sketches,1463,https://egwwritings.org/book/b1463,LIFSK,no,no,no,,pub-year 1880
"White, James",My Lord Delayeth His Coming,1465,https://egwwritings.org/book/b1465,MLDC,no,no,no,,pub-year 1853
"White, James",Our Faith and Hope,1468,https://egwwritings.org/book/b1468,OFAH,no,no,no,,
"White, James","Our Faith and Hope, No. 1",1469,https://egwwritings.org/book/b1469,OFH1,no,no,no,,pub-year 1870
"White, James",Perpetuity of Spiritual Gifts,1470,https://egwwritings.org/book/b1470,PSG,no,no,no,,pub-year 1870
"White, James",Personality of God,1471,https://egwwritings.org/book/b1471,PERGO,no,no,no,,pub-year 1861
"White, James",Preach the Word,1473,https://egwwritings.org/book/b1473,PRWO,no,no,no,,
"White, James",Report of the Book Fund for Tract and Book Distribution,1477,https://egwwritings.org/book/b1477,RBF,no,no,no,,pub-year 1869
"White, James",Sketches of the Christian Life and Public Labors of William Miller,1482,https://egwwritings.org/book/b1482,SLWM,no,no,no,,pub-year 1875
"White, James",Small Fruits,1483,https://egwwritings.org/book/b1483,SFCC,no,no,no,,pub-year 1870
"White, James",The Bible Sabbath,1486,https://egwwritings.org/book/b1486,BISA,no,no,no,,pub-year 1851
"White, James",The Early Life and Later Experience and Labors of Elder Joseph Bates,1487,https://egwwritings.org/book/b1487,LELJB,no,no,no,,pub-year 1877
"White, James","The Four Universal Monarchies of the Prophecy of Daniel, and God’s Everlasting Kingdom",1488,https://egwwritings.org/book/b1488,FUMP,no,no,no,,pub-year 1855
"White, James",The Game of Life,1489,https://egwwritings.org/book/b1489,GOL,no,no,no,,
"White, James",The Judgment,1491,https://egwwritings.org/book/b1491,JGMT,no,no,no,,pub-year 1890
"White, James",The Law and the Gospel,1492,https://egwwritings.org/book/b1492,LAGO,no,no,no,,
"White, James",The Old Moral Code of Ten Commandments Not Revised,1512,https://egwwritings.org/book/b1512,OMC,no,no,no,,
"White, James",The Parable,1514,https://egwwritings.org/book/b1514,PARA,no,no,no,,
"White, James",The Redeemer and Redeemed,1526,https://egwwritings.org/book/b1526,RAR,no,no,no,,pub-year 1877
"White, James","The Sanctuary, the 2300 Days, and the Shut Door",1529,https://egwwritings.org/book/b1529,SATDSD,no,no,no,,pub-year 1850
"White, James",The Second Advent,1530,https://egwwritings.org/book/b1530,SEADV,no,no,no,,pub-year 1865
"White, James",The Second Coming of Christ,1531,https://egwwritings.org/book/b1531,SCOC,no,no,no,,pub-year 1871
"White, James",The Seventh Day Sabbath Not Abolished,1533,https://egwwritings.org/book/b1533,SDSNA,no,no,no,,pub-year 1850
"White, James",The Seventh Day of the Week is the Sabbath of the Lord,1532,https://egwwritings.org/book/b1532,SDSL,no,no,no,,pub-year 1855
"White, James",The Signs of the Times,1535,https://egwwritings.org/book/b1535,ST186x,no,no,no,,pub-year 1865
"White, James",The Signs of the Times [1853],1534,https://egwwritings.org/book/b1534,ST1853,no,no,no,,pub-year 1853
"White, James",The Sounding of the Seven Trumpets of Revelation 8 and 9,1560,https://egwwritings.org/book/b1560,SSTR,no,no,no,,pub-year 1859
"White, James",The Third Angel’s Message,1564,https://egwwritings.org/book/b1564,TTAM,no,no,no,,pub-year 1850
"White, James",The Two Thrones Representing the Kingdoms of Grace and of Glory,1566,https://egwwritings.org/book/b1566,TTKGG,no,no,no,,pub-year 1865
"Whiting, Nathaniel N.","Origin, Nature, and Influence of Neology",1467,https://egwwritings.org/book/b1467,ONIN,no,no,no,,pub-year 1844
